timestamp,store_id,sku_id,quantity_sold,price_at_sale,stockout_flag,weather_condition,temperature_celsius,public_holiday_flag,local_event_flag,is_weekend,day_of_week,hour_of_day
2024-04-01 09:00:00,DS001_Andheri_MUM,SKU001_Milk_1L,8,51.09,0,Clear,31.8,0,0,0,0,9
2024-04-01 18:00:00,DS001_Andheri_MUM,SKU001_Milk_1L,26,53.06,0,Clear,31.8,0,0,0,0,18
2024-04-01 21:00:00,DS001_Andheri_MUM,SKU001_Milk_1L,14,50.57,0,Clear,31.8,0,0,0,0,21
2024-04-02 09:00:00,DS001_Andheri_MUM,SKU001_Milk_1L,13,50.52,0,Rain,21.4,0,0,0,1,9
2024-04-02 18:00:00,DS001_Andheri_MUM,SKU001_Milk_1L,23,51.78,0,Rain,21.4,0,0,0,1,18
2024-04-02 21:00:00,DS001_Andheri_MUM,SKU001_Milk_1L,21,49.84,0,Rain,21.4,0,0,0,1,21
2024-04-03 09:00:00,DS001_Andheri_MUM,SKU001_Milk_1L,16,53.63,0,Clear,28.6,0,0,0,2,9
2024-04-03 18:00:00,DS001_Andheri_MUM,SKU001_Milk_1L,16,50.65,0,Clear,28.6,0,0,0,2,18
2024-04-03 21:00:00,DS001_Andheri_MUM,SKU001_Milk_1L,14,51.99,0,Clear,28.6,0,0,0,2,21
2024-04-04 09:00:00,DS001_Andheri_MUM,SKU001_Milk_1L,19,50.45,0,Clear,31.5,0,0,0,3,9
2024-04-04 18:00:00,DS001_Andheri_MUM,SKU001_Milk_1L,16,54.21,0,Clear,31.5,0,0,0,3,18
2024-04-04 21:00:00,DS001_Andheri_MUM,SKU001_Milk_1L,21,51.08,0,Clear,31.5,0,0,0,3,21
2024-04-05 09:00:00,DS001_Andheri_MUM,SKU001_Milk_1L,24,53.8,0,Cloudy,26.8,0,1,0,4,9
2024-04-05 18:00:00,DS001_Andheri_MUM,SKU001_Milk_1L,24,49.69,1,Cloudy,26.8,0,1,0,4,18
2024-04-05 21:00:00,DS001_Andheri_MUM,SKU001_Milk_1L,13,49.86,0,Cloudy,26.8,0,1,0,4,21
2024-04-06 09:00:00,DS001_Andheri_MUM,SKU001_Milk_1L,22,52.08,0,Clear,31.9,0,0,1,5,9
2024-04-06 18:00:00,DS001_Andheri_MUM,SKU001_Milk_1L,24,49.43,1,Clear,31.9,0,0,1,5,18
2024-04-06 21:00:00,DS001_Andheri_MUM,SKU001_Milk_1L,19,53.83,0,Clear,31.9,0,0,1,5,21
2024-04-07 09:00:00,DS001_Andheri_MUM,SKU001_Milk_1L,24,49.41,1,Rain,19.8,0,0,1,6,9
2024-04-07 18:00:00,DS001_Andheri_MUM,SKU001_Milk_1L,24,53.99,1,Rain,19.8,0,0,1,6,18
2024-04-07 21:00:00,DS001_Andheri_MUM,SKU001_Milk_1L,24,51.68,1,Rain,19.8,0,0,1,6,21
2024-04-08 09:00:00,DS001_Andheri_MUM,SKU001_Milk_1L,12,51.82,0,Clear,28.7,0,0,0,0,9
2024-04-08 18:00:00,DS001_Andheri_MUM,SKU001_Milk_1L,15,50.09,0,Clear,28.7,0,0,0,0,18
2024-04-08 21:00:00,DS001_Andheri_MUM,SKU001_Milk_1L,15,54.23,0,Clear,28.7,0,0,0,0,21
2024-04-09 09:00:00,DS001_Andheri_MUM,SKU001_Milk_1L,17,52.5,0,Clear,30.1,0,0,0,1,9
2024-04-09 18:00:00,DS001_Andheri_MUM,SKU001_Milk_1L,17,52.01,0,Clear,30.1,0,0,0,1,18
2024-04-09 21:00:00,DS001_Andheri_MUM,SKU001_Milk_1L,12,51.74,0,Clear,30.1,0,0,0,1,21
2024-04-10 09:00:00,DS001_Andheri_MUM,SKU001_Milk_1L,21,51.54,0,Clear,29.2,0,0,0,2,9
2024-04-10 18:00:00,DS001_Andheri_MUM,SKU001_Milk_1L,11,53.34,0,Clear,29.2,0,0,0,2,18
2024-04-10 21:00:00,DS001_Andheri_MUM,SKU001_Milk_1L,13,53.22,0,Clear,29.2,0,0,0,2,21
2024-04-11 09:00:00,DS001_Andheri_MUM,SKU001_Milk_1L,11,53.7,0,Cloudy,24.6,0,0,0,3,9
2024-04-11 18:00:00,DS001_Andheri_MUM,SKU001_Milk_1L,21,54.16,0,Cloudy,24.6,0,0,0,3,18
2024-04-11 21:00:00,DS001_Andheri_MUM,SKU001_Milk_1L,6,50.31,1,Cloudy,24.6,0,0,0,3,21
2024-04-12 09:00:00,DS001_Andheri_MUM,SKU001_Milk_1L,15,52.88,0,Clear,29.5,0,1,0,4,9
2024-04-12 18:00:00,DS001_Andheri_MUM,SKU001_Milk_1L,24,49.63,1,Clear,29.5,0,1,0,4,18
2024-04-12 21:00:00,DS001_Andheri_MUM,SKU001_Milk_1L,25,50.73,0,Clear,29.5,0,1,0,4,21
2024-04-13 09:00:00,DS001_Andheri_MUM,SKU001_Milk_1L,34,51.37,0,Cloudy,27.1,0,0,1,5,9
2024-04-13 18:00:00,DS001_Andheri_MUM,SKU001_Milk_1L,24,53.09,1,Cloudy,27.1,0,0,1,5,18
2024-04-13 21:00:00,DS001_Andheri_MUM,SKU001_Milk_1L,24,54.44,0,Cloudy,27.1,0,0,1,5,21
2024-04-14 09:00:00,DS001_Andheri_MUM,SKU001_Milk_1L,24,53.61,1,Clear,30.1,1,0,1,6,9
2024-04-14 18:00:00,DS001_Andheri_MUM,SKU001_Milk_1L,24,50.19,1,Clear,30.1,1,0,1,6,18
2024-04-14 21:00:00,DS001_Andheri_MUM,SKU001_Milk_1L,24,51.49,1,Clear,30.1,1,0,1,6,21
2024-04-15 09:00:00,DS001_Andheri_MUM,SKU001_Milk_1L,23,50.12,0,Cloudy,24.2,0,0,0,0,9
2024-04-15 18:00:00,DS001_Andheri_MUM,SKU001_Milk_1L,24,51.39,0,Cloudy,24.2,0,0,0,0,18
2024-04-15 21:00:00,DS001_Andheri_MUM,SKU001_Milk_1L,15,52.32,0,Cloudy,24.2,0,0,0,0,21
2024-04-16 09:00:00,DS001_Andheri_MUM,SKU001_Milk_1L,10,51.64,0,Cloudy,24.7,0,0,0,1,9
2024-04-16 18:00:00,DS001_Andheri_MUM,SKU001_Milk_1L,14,51.28,0,Cloudy,24.7,0,0,0,1,18
2024-04-16 21:00:00,DS001_Andheri_MUM,SKU001_Milk_1L,19,51.25,0,Cloudy,24.7,0,0,0,1,21
2024-04-17 09:00:00,DS001_Andheri_MUM,SKU001_Milk_1L,21,51.41,0,Clear,31.8,1,0,0,2,9
2024-04-17 18:00:00,DS001_Andheri_MUM,SKU001_Milk_1L,24,54.35,1,Clear,31.8,1,0,0,2,18
2024-04-17 21:00:00,DS001_Andheri_MUM,SKU001_Milk_1L,20,54.27,0,Clear,31.8,1,0,0,2,21
2024-04-18 09:00:00,DS001_Andheri_MUM,SKU001_Milk_1L,14,50.59,0,Extreme Heat,42.2,0,0,0,3,9
2024-04-18 18:00:00,DS001_Andheri_MUM,SKU001_Milk_1L,19,53.52,0,Extreme Heat,42.2,0,0,0,3,18
2024-04-18 21:00:00,DS001_Andheri_MUM,SKU001_Milk_1L,8,52.04,0,Extreme Heat,42.2,0,0,0,3,21
2024-04-19 09:00:00,DS001_Andheri_MUM,SKU001_Milk_1L,16,50.59,0,Clear,28.4,0,0,0,4,9
2024-04-19 18:00:00,DS001_Andheri_MUM,SKU001_Milk_1L,16,50.8,0,Clear,28.4,0,0,0,4,18
2024-04-19 21:00:00,DS001_Andheri_MUM,SKU001_Milk_1L,21,53.77,0,Clear,28.4,0,0,0,4,21
2024-04-20 09:00:00,DS001_Andheri_MUM,SKU001_Milk_1L,24,53.35,1,Cloudy,25.8,0,1,1,5,9
2024-04-20 18:00:00,DS001_Andheri_MUM,SKU001_Milk_1L,24,50.86,1,Cloudy,25.8,0,1,1,5,18
2024-04-20 21:00:00,DS001_Andheri_MUM,SKU001_Milk_1L,24,54.33,1,Cloudy,25.8,0,1,1,5,21
2024-04-21 09:00:00,DS001_Andheri_MUM,SKU001_Milk_1L,24,53.31,1,Clear,30.0,1,0,1,6,9
2024-04-21 18:00:00,DS001_Andheri_MUM,SKU001_Milk_1L,24,50.25,1,Clear,30.0,1,0,1,6,18
2024-04-21 21:00:00,DS001_Andheri_MUM,SKU001_Milk_1L,24,54.28,1,Clear,30.0,1,0,1,6,21
2024-04-22 09:00:00,DS001_Andheri_MUM,SKU001_Milk_1L,22,52.96,0,Clear,31.6,0,0,0,0,9
2024-04-22 18:00:00,DS001_Andheri_MUM,SKU001_Milk_1L,15,53.86,0,Clear,31.6,0,0,0,0,18
2024-04-22 21:00:00,DS001_Andheri_MUM,SKU001_Milk_1L,11,50.4,0,Clear,31.6,0,0,0,0,21
2024-04-23 09:00:00,DS001_Andheri_MUM,SKU001_Milk_1L,8,52.12,0,Clear,30.7,0,0,0,1,9
2024-04-23 18:00:00,DS001_Andheri_MUM,SKU001_Milk_1L,17,49.82,0,Clear,30.7,0,0,0,1,18
2024-04-23 21:00:00,DS001_Andheri_MUM,SKU001_Milk_1L,10,53.41,0,Clear,30.7,0,0,0,1,21
2024-04-24 09:00:00,DS001_Andheri_MUM,SKU001_Milk_1L,15,49.62,0,Clear,30.1,0,0,0,2,9
2024-04-24 18:00:00,DS001_Andheri_MUM,SKU001_Milk_1L,11,52.37,1,Clear,30.1,0,0,0,2,18
2024-04-24 21:00:00,DS001_Andheri_MUM,SKU001_Milk_1L,11,52.8,0,Clear,30.1,0,0,0,2,21
2024-04-25 09:00:00,DS001_Andheri_MUM,SKU001_Milk_1L,13,53.04,0,Cloudy,24.7,0,0,0,3,9
2024-04-25 18:00:00,DS001_Andheri_MUM,SKU001_Milk_1L,17,50.93,0,Cloudy,24.7,0,0,0,3,18
2024-04-25 21:00:00,DS001_Andheri_MUM,SKU001_Milk_1L,19,50.14,0,Cloudy,24.7,0,0,0,3,21
2024-04-01 09:00:00,DS001_Andheri_MUM,SKU002_Eggs_12pk,8,80.12,0,Clear,31.8,0,0,0,0,9
2024-04-01 18:00:00,DS001_Andheri_MUM,SKU002_Eggs_12pk,9,76.27,0,Clear,31.8,0,0,0,0,18
2024-04-01 21:00:00,DS001_Andheri_MUM,SKU002_Eggs_12pk,9,76.0,0,Clear,31.8,0,0,0,0,21
2024-04-02 09:00:00,DS001_Andheri_MUM,SKU002_Eggs_12pk,9,76.21,0,Rain,21.4,0,0,0,1,9
2024-04-02 18:00:00,DS001_Andheri_MUM,SKU002_Eggs_12pk,16,74.89,0,Rain,21.4,0,0,0,1,18
2024-04-02 21:00:00,DS001_Andheri_MUM,SKU002_Eggs_12pk,7,80.44,0,Rain,21.4,0,0,0,1,21
2024-04-03 09:00:00,DS001_Andheri_MUM,SKU002_Eggs_12pk,11,80.42,0,Clear,28.6,0,0,0,2,9
2024-04-03 18:00:00,DS001_Andheri_MUM,SKU002_Eggs_12pk,4,75.52,0,Clear,28.6,0,0,0,2,18
2024-04-03 21:00:00,DS001_Andheri_MUM,SKU002_Eggs_12pk,6,79.14,0,Clear,28.6,0,0,0,2,21
2024-04-04 09:00:00,DS001_Andheri_MUM,SKU002_Eggs_12pk,10,76.45,0,Clear,31.5,0,0,0,3,9
2024-04-04 18:00:00,DS001_Andheri_MUM,SKU002_Eggs_12pk,10,80.36,0,Clear,31.5,0,0,0,3,18
2024-04-04 21:00:00,DS001_Andheri_MUM,SKU002_Eggs_12pk,10,76.93,0,Clear,31.5,0,0,0,3,21
2024-04-05 09:00:00,DS001_Andheri_MUM,SKU002_Eggs_12pk,21,77.8,0,Cloudy,26.8,0,1,0,4,9
2024-04-05 18:00:00,DS001_Andheri_MUM,SKU002_Eggs_12pk,13,79.13,1,Cloudy,26.8,0,1,0,4,18
2024-04-05 21:00:00,DS001_Andheri_MUM,SKU002_Eggs_12pk,12,74.82,0,Cloudy,26.8,0,1,0,4,21
2024-04-06 09:00:00,DS001_Andheri_MUM,SKU002_Eggs_12pk,17,79.93,0,Clear,31.9,0,0,1,5,9
2024-04-06 18:00:00,DS001_Andheri_MUM,SKU002_Eggs_12pk,13,81.19,1,Clear,31.9,0,0,1,5,18
2024-04-06 21:00:00,DS001_Andheri_MUM,SKU002_Eggs_12pk,10,77.09,0,Clear,31.9,0,0,1,5,21
2024-04-07 09:00:00,DS001_Andheri_MUM,SKU002_Eggs_12pk,13,76.03,1,Rain,19.8,0,0,1,6,9
2024-04-07 18:00:00,DS001_Andheri_MUM,SKU002_Eggs_12pk,13,76.89,1,Rain,19.8,0,0,1,6,18
2024-04-07 21:00:00,DS001_Andheri_MUM,SKU002_Eggs_12pk,15,77.84,0,Rain,19.8,0,0,1,6,21
2024-04-08 09:00:00,DS001_Andheri_MUM,SKU002_Eggs_12pk,9,74.86,0,Clear,28.7,0,0,0,0,9
2024-04-08 18:00:00,DS001_Andheri_MUM,SKU002_Eggs_12pk,9,81.73,0,Clear,28.7,0,0,0,0,18
2024-04-08 21:00:00,DS001_Andheri_MUM,SKU002_Eggs_12pk,8,80.34,0,Clear,28.7,0,0,0,0,21
2024-04-09 09:00:00,DS001_Andheri_MUM,SKU002_Eggs_12pk,7,76.21,0,Clear,30.1,0,0,0,1,9
2024-04-09 18:00:00,DS001_Andheri_MUM,SKU002_Eggs_12pk,10,75.84,0,Clear,30.1,0,0,0,1,18
2024-04-09 21:00:00,DS001_Andheri_MUM,SKU002_Eggs_12pk,6,77.85,0,Clear,30.1,0,0,0,1,21
2024-04-10 09:00:00,DS001_Andheri_MUM,SKU002_Eggs_12pk,7,81.71,0,Clear,29.2,0,0,0,2,9
2024-04-10 18:00:00,DS001_Andheri_MUM,SKU002_Eggs_12pk,8,80.43,0,Clear,29.2,0,0,0,2,18
2024-04-10 21:00:00,DS001_Andheri_MUM,SKU002_Eggs_12pk,6,79.07,0,Clear,29.2,0,0,0,2,21
2024-04-11 09:00:00,DS001_Andheri_MUM,SKU002_Eggs_12pk,10,75.86,1,Cloudy,24.6,0,0,0,3,9
2024-04-11 18:00:00,DS001_Andheri_MUM,SKU002_Eggs_12pk,10,80.29,0,Cloudy,24.6,0,0,0,3,18
2024-04-11 21:00:00,DS001_Andheri_MUM,SKU002_Eggs_12pk,9,79.19,0,Cloudy,24.6,0,0,0,3,21
2024-04-12 09:00:00,DS001_Andheri_MUM,SKU002_Eggs_12pk,13,76.57,0,Clear,29.5,0,1,0,4,9
2024-04-12 18:00:00,DS001_Andheri_MUM,SKU002_Eggs_12pk,13,76.32,1,Clear,29.5,0,1,0,4,18
2024-04-12 21:00:00,DS001_Andheri_MUM,SKU002_Eggs_12pk,13,78.39,0,Clear,29.5,0,1,0,4,21
2024-04-13 09:00:00,DS001_Andheri_MUM,SKU002_Eggs_12pk,16,80.71,0,Cloudy,27.1,0,0,1,5,9
2024-04-13 18:00:00,DS001_Andheri_MUM,SKU002_Eggs_12pk,13,79.38,1,Cloudy,27.1,0,0,1,5,18
2024-04-13 21:00:00,DS001_Andheri_MUM,SKU002_Eggs_12pk,19,79.99,0,Cloudy,27.1,0,0,1,5,21
2024-04-14 09:00:00,DS001_Andheri_MUM,SKU002_Eggs_12pk,13,74.91,1,Clear,30.1,1,0,1,6,9
2024-04-14 18:00:00,DS001_Andheri_MUM,SKU002_Eggs_12pk,13,78.65,1,Clear,30.1,1,0,1,6,18
2024-04-14 21:00:00,DS001_Andheri_MUM,SKU002_Eggs_12pk,13,74.9,1,Clear,30.1,1,0,1,6,21
2024-04-15 09:00:00,DS001_Andheri_MUM,SKU002_Eggs_12pk,8,81.9,0,Cloudy,24.2,0,0,0,0,9
2024-04-15 18:00:00,DS001_Andheri_MUM,SKU002_Eggs_12pk,9,76.69,0,Cloudy,24.2,0,0,0,0,18
2024-04-15 21:00:00,DS001_Andheri_MUM,SKU002_Eggs_12pk,10,77.27,0,Cloudy,24.2,0,0,0,0,21
2024-04-16 09:00:00,DS001_Andheri_MUM,SKU002_Eggs_12pk,13,76.09,0,Cloudy,24.7,0,0,0,1,9
2024-04-16 18:00:00,DS001_Andheri_MUM,SKU002_Eggs_12pk,10,80.37,0,Cloudy,24.7,0,0,0,1,18
2024-04-16 21:00:00,DS001_Andheri_MUM,SKU002_Eggs_12pk,4,81.76,0,Cloudy,24.7,0,0,0,1,21
2024-04-17 09:00:00,DS001_Andheri_MUM,SKU002_Eggs_12pk,20,75.82,0,Clear,31.8,1,0,0,2,9
2024-04-17 18:00:00,DS001_Andheri_MUM,SKU002_Eggs_12pk,13,80.52,1,Clear,31.8,1,0,0,2,18
2024-04-17 21:00:00,DS001_Andheri_MUM,SKU002_Eggs_12pk,7,78.02,1,Clear,31.8,1,0,0,2,21
2024-04-18 09:00:00,DS001_Andheri_MUM,SKU002_Eggs_12pk,2,79.81,0,Extreme Heat,42.2,0,0,0,3,9
2024-04-18 18:00:00,DS001_Andheri_MUM,SKU002_Eggs_12pk,9,80.94,0,Extreme Heat,42.2,0,0,0,3,18
2024-04-18 21:00:00,DS001_Andheri_MUM,SKU002_Eggs_12pk,7,76.16,0,Extreme Heat,42.2,0,0,0,3,21
2024-04-19 09:00:00,DS001_Andheri_MUM,SKU002_Eggs_12pk,14,77.01,0,Clear,28.4,0,0,0,4,9
2024-04-19 18:00:00,DS001_Andheri_MUM,SKU002_Eggs_12pk,6,81.69,0,Clear,28.4,0,0,0,4,18
2024-04-19 21:00:00,DS001_Andheri_MUM,SKU002_Eggs_12pk,13,75.08,0,Clear,28.4,0,0,0,4,21
2024-04-20 09:00:00,DS001_Andheri_MUM,SKU002_Eggs_12pk,13,77.45,1,Cloudy,25.8,0,1,1,5,9
2024-04-20 18:00:00,DS001_Andheri_MUM,SKU002_Eggs_12pk,13,80.35,1,Cloudy,25.8,0,1,1,5,18
2024-04-20 21:00:00,DS001_Andheri_MUM,SKU002_Eggs_12pk,13,76.26,1,Cloudy,25.8,0,1,1,5,21
2024-04-21 09:00:00,DS001_Andheri_MUM,SKU002_Eggs_12pk,13,81.15,1,Clear,30.0,1,0,1,6,9
2024-04-21 18:00:00,DS001_Andheri_MUM,SKU002_Eggs_12pk,13,81.14,1,Clear,30.0,1,0,1,6,18
2024-04-21 21:00:00,DS001_Andheri_MUM,SKU002_Eggs_12pk,13,74.49,1,Clear,30.0,1,0,1,6,21
2024-04-22 09:00:00,DS001_Andheri_MUM,SKU002_Eggs_12pk,7,74.63,0,Clear,31.6,0,0,0,0,9
2024-04-22 18:00:00,DS001_Andheri_MUM,SKU002_Eggs_12pk,11,74.61,0,Clear,31.6,0,0,0,0,18
2024-04-22 21:00:00,DS001_Andheri_MUM,SKU002_Eggs_12pk,6,79.77,0,Clear,31.6,0,0,0,0,21
2024-04-23 09:00:00,DS001_Andheri_MUM,SKU002_Eggs_12pk,9,74.83,0,Clear,30.7,0,0,0,1,9
2024-04-23 18:00:00,DS001_Andheri_MUM,SKU002_Eggs_12pk,8,80.44,0,Clear,30.7,0,0,0,1,18
2024-04-23 21:00:00,DS001_Andheri_MUM,SKU002_Eggs_12pk,5,81.37,0,Clear,30.7,0,0,0,1,21
2024-04-24 09:00:00,DS001_Andheri_MUM,SKU002_Eggs_12pk,4,79.39,0,Clear,30.1,0,0,0,2,9
2024-04-24 18:00:00,DS001_Andheri_MUM,SKU002_Eggs_12pk,7,75.37,0,Clear,30.1,0,0,0,2,18
2024-04-24 21:00:00,DS001_Andheri_MUM,SKU002_Eggs_12pk,3,78.39,0,Clear,30.1,0,0,0,2,21
2024-04-25 09:00:00,DS001_Andheri_MUM,SKU002_Eggs_12pk,7,74.58,0,Cloudy,24.7,0,0,0,3,9
2024-04-25 18:00:00,DS001_Andheri_MUM,SKU002_Eggs_12pk,8,79.61,0,Cloudy,24.7,0,0,0,3,18
2024-04-25 21:00:00,DS001_Andheri_MUM,SKU002_Eggs_12pk,7,77.89,0,Cloudy,24.7,0,0,0,3,21
2024-04-01 09:00:00,DS001_Andheri_MUM,SKU003_Bread_500g,6,38.46,0,Clear,31.8,0,0,0,0,9
2024-04-01 18:00:00,DS001_Andheri_MUM,SKU003_Bread_500g,17,39.96,0,Clear,31.8,0,0,0,0,18
2024-04-01 21:00:00,DS001_Andheri_MUM,SKU003_Bread_500g,11,38.71,0,Clear,31.8,0,0,0,0,21
2024-04-02 09:00:00,DS001_Andheri_MUM,SKU003_Bread_500g,11,41.85,0,Rain,21.4,0,0,0,1,9
2024-04-02 18:00:00,DS001_Andheri_MUM,SKU003_Bread_500g,16,41.38,0,Rain,21.4,0,0,0,1,18
2024-04-02 21:00:00,DS001_Andheri_MUM,SKU003_Bread_500g,13,41.11,0,Rain,21.4,0,0,0,1,21
2024-04-03 09:00:00,DS001_Andheri_MUM,SKU003_Bread_500g,10,41.25,0,Clear,28.6,0,0,0,2,9
2024-04-03 18:00:00,DS001_Andheri_MUM,SKU003_Bread_500g,11,38.77,0,Clear,28.6,0,0,0,2,18
2024-04-03 21:00:00,DS001_Andheri_MUM,SKU003_Bread_500g,7,38.75,0,Clear,28.6,0,0,0,2,21
2024-04-04 09:00:00,DS001_Andheri_MUM,SKU003_Bread_500g,12,40.48,0,Clear,31.5,0,0,0,3,9
2024-04-04 18:00:00,DS001_Andheri_MUM,SKU003_Bread_500g,10,39.39,0,Clear,31.5,0,0,0,3,18
2024-04-04 21:00:00,DS001_Andheri_MUM,SKU003_Bread_500g,9,41.94,0,Clear,31.5,0,0,0,3,21
2024-04-05 09:00:00,DS001_Andheri_MUM,SKU003_Bread_500g,13,40.82,0,Cloudy,26.8,0,1,0,4,9
2024-04-05 18:00:00,DS001_Andheri_MUM,SKU003_Bread_500g,16,40.24,1,Cloudy,26.8,0,1,0,4,18
2024-04-05 21:00:00,DS001_Andheri_MUM,SKU003_Bread_500g,12,38.01,0,Cloudy,26.8,0,1,0,4,21
2024-04-06 09:00:00,DS001_Andheri_MUM,SKU003_Bread_500g,19,39.09,0,Clear,31.9,0,0,1,5,9
2024-04-06 18:00:00,DS001_Andheri_MUM,SKU003_Bread_500g,16,38.77,1,Clear,31.9,0,0,1,5,18
2024-04-06 21:00:00,DS001_Andheri_MUM,SKU003_Bread_500g,12,38.0,0,Clear,31.9,0,0,1,5,21
2024-04-07 09:00:00,DS001_Andheri_MUM,SKU003_Bread_500g,16,38.64,1,Rain,19.8,0,0,1,6,9
2024-04-07 18:00:00,DS001_Andheri_MUM,SKU003_Bread_500g,16,41.29,1,Rain,19.8,0,0,1,6,18
2024-04-07 21:00:00,DS001_Andheri_MUM,SKU003_Bread_500g,17,40.98,0,Rain,19.8,0,0,1,6,21
2024-04-08 09:00:00,DS001_Andheri_MUM,SKU003_Bread_500g,9,40.39,0,Clear,28.7,0,0,0,0,9
2024-04-08 18:00:00,DS001_Andheri_MUM,SKU003_Bread_500g,10,41.32,0,Clear,28.7,0,0,0,0,18
2024-04-08 21:00:00,DS001_Andheri_MUM,SKU003_Bread_500g,8,38.45,0,Clear,28.7,0,0,0,0,21
2024-04-09 09:00:00,DS001_Andheri_MUM,SKU003_Bread_500g,7,39.79,0,Clear,30.1,0,0,0,1,9
2024-04-09 18:00:00,DS001_Andheri_MUM,SKU003_Bread_500g,18,40.3,0,Clear,30.1,0,0,0,1,18
2024-04-09 21:00:00,DS001_Andheri_MUM,SKU003_Bread_500g,3,40.52,1,Clear,30.1,0,0,0,1,21
2024-04-10 09:00:00,DS001_Andheri_MUM,SKU003_Bread_500g,4,39.91,0,Clear,29.2,0,0,0,2,9
2024-04-10 18:00:00,DS001_Andheri_MUM,SKU003_Bread_500g,9,40.63,0,Clear,29.2,0,0,0,2,18
2024-04-10 21:00:00,DS001_Andheri_MUM,SKU003_Bread_500g,13,41.72,0,Clear,29.2,0,0,0,2,21
2024-04-11 09:00:00,DS001_Andheri_MUM,SKU003_Bread_500g,8,40.09,0,Cloudy,24.6,0,0,0,3,9
2024-04-11 18:00:00,DS001_Andheri_MUM,SKU003_Bread_500g,10,39.11,0,Cloudy,24.6,0,0,0,3,18
2024-04-11 21:00:00,DS001_Andheri_MUM,SKU003_Bread_500g,16,38.17,0,Cloudy,24.6,0,0,0,3,21
2024-04-12 09:00:00,DS001_Andheri_MUM,SKU003_Bread_500g,13,41.57,0,Clear,29.5,0,1,0,4,9
2024-04-12 18:00:00,DS001_Andheri_MUM,SKU003_Bread_500g,16,41.52,1,Clear,29.5,0,1,0,4,18
2024-04-12 21:00:00,DS001_Andheri_MUM,SKU003_Bread_500g,19,41.0,0,Clear,29.5,0,1,0,4,21
2024-04-13 09:00:00,DS001_Andheri_MUM,SKU003_Bread_500g,16,40.24,0,Cloudy,27.1,0,0,1,5,9
2024-04-13 18:00:00,DS001_Andheri_MUM,SKU003_Bread_500g,16,40.33,1,Cloudy,27.1,0,0,1,5,18
2024-04-13 21:00:00,DS001_Andheri_MUM,SKU003_Bread_500g,14,40.09,0,Cloudy,27.1,0,0,1,5,21
2024-04-14 09:00:00,DS001_Andheri_MUM,SKU003_Bread_500g,16,39.12,1,Clear,30.1,1,0,1,6,9
2024-04-14 18:00:00,DS001_Andheri_MUM,SKU003_Bread_500g,16,38.88,1,Clear,30.1,1,0,1,6,18
2024-04-14 21:00:00,DS001_Andheri_MUM,SKU003_Bread_500g,16,40.86,1,Clear,30.1,1,0,1,6,21
2024-04-15 09:00:00,DS001_Andheri_MUM,SKU003_Bread_500g,6,41.46,0,Cloudy,24.2,0,0,0,0,9
2024-04-15 18:00:00,DS001_Andheri_MUM,SKU003_Bread_500g,11,40.57,0,Cloudy,24.2,0,0,0,0,18
2024-04-15 21:00:00,DS001_Andheri_MUM,SKU003_Bread_500g,4,40.93,1,Cloudy,24.2,0,0,0,0,21
2024-04-16 09:00:00,DS001_Andheri_MUM,SKU003_Bread_500g,8,38.19,0,Cloudy,24.7,0,0,0,1,9
2024-04-16 18:00:00,DS001_Andheri_MUM,SKU003_Bread_500g,7,39.38,0,Cloudy,24.7,0,0,0,1,18
2024-04-16 21:00:00,DS001_Andheri_MUM,SKU003_Bread_500g,10,41.91,0,Cloudy,24.7,0,0,0,1,21
2024-04-17 09:00:00,DS001_Andheri_MUM,SKU003_Bread_500g,18,38.86,0,Clear,31.8,1,0,0,2,9
2024-04-17 18:00:00,DS001_Andheri_MUM,SKU003_Bread_500g,16,38.8,1,Clear,31.8,1,0,0,2,18
2024-04-17 21:00:00,DS001_Andheri_MUM,SKU003_Bread_500g,21,39.64,0,Clear,31.8,1,0,0,2,21
2024-04-18 09:00:00,DS001_Andheri_MUM,SKU003_Bread_500g,3,41.56,0,Extreme Heat,42.2,0,0,0,3,9
2024-04-18 18:00:00,DS001_Andheri_MUM,SKU003_Bread_500g,9,38.27,0,Extreme Heat,42.2,0,0,0,3,18
2024-04-18 21:00:00,DS001_Andheri_MUM,SKU003_Bread_500g,8,41.26,0,Extreme Heat,42.2,0,0,0,3,21
2024-04-19 09:00:00,DS001_Andheri_MUM,SKU003_Bread_500g,18,40.76,0,Clear,28.4,0,0,0,4,9
2024-04-19 18:00:00,DS001_Andheri_MUM,SKU003_Bread_500g,13,39.31,0,Clear,28.4,0,0,0,4,18
2024-04-19 21:00:00,DS001_Andheri_MUM,SKU003_Bread_500g,7,39.96,0,Clear,28.4,0,0,0,4,21
2024-04-20 09:00:00,DS001_Andheri_MUM,SKU003_Bread_500g,16,41.31,1,Cloudy,25.8,0,1,1,5,9
2024-04-20 18:00:00,DS001_Andheri_MUM,SKU003_Bread_500g,16,38.5,1,Cloudy,25.8,0,1,1,5,18
2024-04-20 21:00:00,DS001_Andheri_MUM,SKU003_Bread_500g,16,41.96,1,Cloudy,25.8,0,1,1,5,21
2024-04-21 09:00:00,DS001_Andheri_MUM,SKU003_Bread_500g,16,38.22,1,Clear,30.0,1,0,1,6,9
2024-04-21 18:00:00,DS001_Andheri_MUM,SKU003_Bread_500g,16,40.63,1,Clear,30.0,1,0,1,6,18
2024-04-21 21:00:00,DS001_Andheri_MUM,SKU003_Bread_500g,16,40.46,1,Clear,30.0,1,0,1,6,21
2024-04-22 09:00:00,DS001_Andheri_MUM,SKU003_Bread_500g,11,39.02,0,Clear,31.6,0,0,0,0,9
2024-04-22 18:00:00,DS001_Andheri_MUM,SKU003_Bread_500g,16,41.67,0,Clear,31.6,0,0,0,0,18
2024-04-22 21:00:00,DS001_Andheri_MUM,SKU003_Bread_500g,11,41.31,0,Clear,31.6,0,0,0,0,21
2024-04-23 09:00:00,DS001_Andheri_MUM,SKU003_Bread_500g,4,38.57,1,Clear,30.7,0,0,0,1,9
2024-04-23 18:00:00,DS001_Andheri_MUM,SKU003_Bread_500g,16,39.27,0,Clear,30.7,0,0,0,1,18
2024-04-23 21:00:00,DS001_Andheri_MUM,SKU003_Bread_500g,8,38.3,0,Clear,30.7,0,0,0,1,21
2024-04-24 09:00:00,DS001_Andheri_MUM,SKU003_Bread_500g,11,39.26,0,Clear,30.1,0,0,0,2,9
2024-04-24 18:00:00,DS001_Andheri_MUM,SKU003_Bread_500g,7,38.2,0,Clear,30.1,0,0,0,2,18
2024-04-24 21:00:00,DS001_Andheri_MUM,SKU003_Bread_500g,6,38.45,0,Clear,30.1,0,0,0,2,21
2024-04-25 09:00:00,DS001_Andheri_MUM,SKU003_Bread_500g,12,39.66,0,Cloudy,24.7,0,0,0,3,9
2024-04-25 18:00:00,DS001_Andheri_MUM,SKU003_Bread_500g,14,41.26,0,Cloudy,24.7,0,0,0,3,18
2024-04-25 21:00:00,DS001_Andheri_MUM,SKU003_Bread_500g,11,39.22,0,Cloudy,24.7,0,0,0,3,21
2024-04-01 09:00:00,DS002_Koramangala_BLR,SKU001_Milk_1L,10,51.09,0,Clear,31.8,0,0,0,0,9
2024-04-01 18:00:00,DS002_Koramangala_BLR,SKU001_Milk_1L,16,53.19,0,Clear,31.8,0,0,0,0,18
2024-04-01 21:00:00,DS002_Koramangala_BLR,SKU001_Milk_1L,16,51.63,1,Clear,31.8,0,0,0,0,21
2024-04-02 09:00:00,DS002_Koramangala_BLR,SKU001_Milk_1L,20,50.3,0,Rain,21.4,0,0,0,1,9
2024-04-02 18:00:00,DS002_Koramangala_BLR,SKU001_Milk_1L,16,52.67,0,Rain,21.4,0,0,0,1,18
2024-04-02 21:00:00,DS002_Koramangala_BLR,SKU001_Milk_1L,15,49.98,0,Rain,21.4,0,0,0,1,21
2024-04-03 09:00:00,DS002_Koramangala_BLR,SKU001_Milk_1L,12,53.82,0,Clear,28.6,0,0,0,2,9
2024-04-03 18:00:00,DS002_Koramangala_BLR,SKU001_Milk_1L,11,50.03,0,Clear,28.6,0,0,0,2,18
2024-04-03 21:00:00,DS002_Koramangala_BLR,SKU001_Milk_1L,8,49.82,0,Clear,28.6,0,0,0,2,21
2024-04-04 09:00:00,DS002_Koramangala_BLR,SKU001_Milk_1L,12,50.19,0,Clear,31.5,0,0,0,3,9
2024-04-04 18:00:00,DS002_Koramangala_BLR,SKU001_Milk_1L,13,50.57,0,Clear,31.5,0,0,0,3,18
2024-04-04 21:00:00,DS002_Koramangala_BLR,SKU001_Milk_1L,11,52.06,0,Clear,31.5,0,0,0,3,21
2024-04-05 09:00:00,DS002_Koramangala_BLR,SKU001_Milk_1L,21,49.8,0,Cloudy,26.8,0,1,0,4,9
2024-04-05 18:00:00,DS002_Koramangala_BLR,SKU001_Milk_1L,20,52.16,1,Cloudy,26.8,0,1,0,4,18
2024-04-05 21:00:00,DS002_Koramangala_BLR,SKU001_Milk_1L,18,53.12,0,Cloudy,26.8,0,1,0,4,21
2024-04-06 09:00:00,DS002_Koramangala_BLR,SKU001_Milk_1L,17,49.58,0,Clear,31.9,0,0,1,5,9
2024-04-06 18:00:00,DS002_Koramangala_BLR,SKU001_Milk_1L,20,52.31,1,Clear,31.9,0,0,1,5,18
2024-04-06 21:00:00,DS002_Koramangala_BLR,SKU001_Milk_1L,12,49.93,0,Clear,31.9,0,0,1,5,21
2024-04-07 09:00:00,DS002_Koramangala_BLR,SKU001_Milk_1L,20,52.47,1,Rain,19.8,0,0,1,6,9
2024-04-07 18:00:00,DS002_Koramangala_BLR,SKU001_Milk_1L,20,54.06,1,Rain,19.8,0,0,1,6,18
2024-04-07 21:00:00,DS002_Koramangala_BLR,SKU001_Milk_1L,20,49.63,1,Rain,19.8,0,0,1,6,21
2024-04-08 09:00:00,DS002_Koramangala_BLR,SKU001_Milk_1L,11,54.0,0,Clear,28.7,0,0,0,0,9
2024-04-08 18:00:00,DS002_Koramangala_BLR,SKU001_Milk_1L,19,53.54,0,Clear,28.7,0,0,0,0,18
2024-04-08 21:00:00,DS002_Koramangala_BLR,SKU001_Milk_1L,11,52.76,0,Clear,28.7,0,0,0,0,21
2024-04-09 09:00:00,DS002_Koramangala_BLR,SKU001_Milk_1L,9,54.4,0,Clear,30.1,0,0,0,1,9
2024-04-09 18:00:00,DS002_Koramangala_BLR,SKU001_Milk_1L,13,50.12,0,Clear,30.1,0,0,0,1,18
2024-04-09 21:00:00,DS002_Koramangala_BLR,SKU001_Milk_1L,7,51.33,0,Clear,30.1,0,0,0,1,21
2024-04-10 09:00:00,DS002_Koramangala_BLR,SKU001_Milk_1L,17,51.87,0,Clear,29.2,0,0,0,2,9
2024-04-10 18:00:00,DS002_Koramangala_BLR,SKU001_Milk_1L,11,52.6,0,Clear,29.2,0,0,0,2,18
2024-04-10 21:00:00,DS002_Koramangala_BLR,SKU001_Milk_1L,14,50.57,0,Clear,29.2,0,0,0,2,21
2024-04-11 09:00:00,DS002_Koramangala_BLR,SKU001_Milk_1L,16,52.23,0,Cloudy,24.6,0,0,0,3,9
2024-04-11 18:00:00,DS002_Koramangala_BLR,SKU001_Milk_1L,12,52.8,0,Cloudy,24.6,0,0,0,3,18
2024-04-11 21:00:00,DS002_Koramangala_BLR,SKU001_Milk_1L,10,54.14,0,Cloudy,24.6,0,0,0,3,21
2024-04-12 09:00:00,DS002_Koramangala_BLR,SKU001_Milk_1L,17,52.48,0,Clear,29.5,0,1,0,4,9
2024-04-12 18:00:00,DS002_Koramangala_BLR,SKU001_Milk_1L,20,52.91,1,Clear,29.5,0,1,0,4,18
2024-04-12 21:00:00,DS002_Koramangala_BLR,SKU001_Milk_1L,15,54.02,0,Clear,29.5,0,1,0,4,21
2024-04-13 09:00:00,DS002_Koramangala_BLR,SKU001_Milk_1L,13,50.59,0,Cloudy,27.1,0,0,1,5,9
2024-04-13 18:00:00,DS002_Koramangala_BLR,SKU001_Milk_1L,20,53.47,1,Cloudy,27.1,0,0,1,5,18
2024-04-13 21:00:00,DS002_Koramangala_BLR,SKU001_Milk_1L,19,54.18,0,Cloudy,27.1,0,0,1,5,21
2024-04-14 09:00:00,DS002_Koramangala_BLR,SKU001_Milk_1L,20,50.99,1,Clear,30.1,1,0,1,6,9
2024-04-14 18:00:00,DS002_Koramangala_BLR,SKU001_Milk_1L,20,51.56,1,Clear,30.1,1,0,1,6,18
2024-04-14 21:00:00,DS002_Koramangala_BLR,SKU001_Milk_1L,20,52.43,1,Clear,30.1,1,0,1,6,21
2024-04-15 09:00:00,DS002_Koramangala_BLR,SKU001_Milk_1L,13,53.41,0,Cloudy,24.2,0,0,0,0,9
2024-04-15 18:00:00,DS002_Koramangala_BLR,SKU001_Milk_1L,17,52.25,0,Cloudy,24.2,0,0,0,0,18
2024-04-15 21:00:00,DS002_Koramangala_BLR,SKU001_Milk_1L,11,54.36,0,Cloudy,24.2,0,0,0,0,21
2024-04-16 09:00:00,DS002_Koramangala_BLR,SKU001_Milk_1L,11,51.81,0,Cloudy,24.7,0,0,0,1,9
2024-04-16 18:00:00,DS002_Koramangala_BLR,SKU001_Milk_1L,10,50.22,0,Cloudy,24.7,0,0,0,1,18
2024-04-16 21:00:00,DS002_Koramangala_BLR,SKU001_Milk_1L,6,52.29,0,Cloudy,24.7,0,0,0,1,21
2024-04-17 09:00:00,DS002_Koramangala_BLR,SKU001_Milk_1L,21,51.1,0,Clear,31.8,1,0,0,2,9
2024-04-17 18:00:00,DS002_Koramangala_BLR,SKU001_Milk_1L,20,53.24,1,Clear,31.8,1,0,0,2,18
2024-04-17 21:00:00,DS002_Koramangala_BLR,SKU001_Milk_1L,20,50.23,0,Clear,31.8,1,0,0,2,21
2024-04-18 09:00:00,DS002_Koramangala_BLR,SKU001_Milk_1L,8,50.56,0,Extreme Heat,42.2,0,0,0,3,9
2024-04-18 18:00:00,DS002_Koramangala_BLR,SKU001_Milk_1L,14,53.58,0,Extreme Heat,42.2,0,0,0,3,18
2024-04-18 21:00:00,DS002_Koramangala_BLR,SKU001_Milk_1L,7,49.58,0,Extreme Heat,42.2,0,0,0,3,21
2024-04-19 09:00:00,DS002_Koramangala_BLR,SKU001_Milk_1L,16,50.21,0,Clear,28.4,0,0,0,4,9
2024-04-19 18:00:00,DS002_Koramangala_BLR,SKU001_Milk_1L,14,50.73,0,Clear,28.4,0,0,0,4,18
2024-04-19 21:00:00,DS002_Koramangala_BLR,SKU001_Milk_1L,14,51.34,0,Clear,28.4,0,0,0,4,21
2024-04-20 09:00:00,DS002_Koramangala_BLR,SKU001_Milk_1L,20,50.46,1,Cloudy,25.8,0,1,1,5,9
2024-04-20 18:00:00,DS002_Koramangala_BLR,SKU001_Milk_1L,20,52.92,1,Cloudy,25.8,0,1,1,5,18
2024-04-20 21:00:00,DS002_Koramangala_BLR,SKU001_Milk_1L,20,49.81,1,Cloudy,25.8,0,1,1,5,21
2024-04-21 09:00:00,DS002_Koramangala_BLR,SKU001_Milk_1L,20,51.49,1,Clear,30.0,1,0,1,6,9
2024-04-21 18:00:00,DS002_Koramangala_BLR,SKU001_Milk_1L,20,52.35,1,Clear,30.0,1,0,1,6,18
2024-04-21 21:00:00,DS002_Koramangala_BLR,SKU001_Milk_1L,20,51.27,1,Clear,30.0,1,0,1,6,21
2024-04-22 09:00:00,DS002_Koramangala_BLR,SKU001_Milk_1L,7,52.91,0,Clear,31.6,0,0,0,0,9
2024-04-22 18:00:00,DS002_Koramangala_BLR,SKU001_Milk_1L,18,51.7,0,Clear,31.6,0,0,0,0,18
2024-04-22 21:00:00,DS002_Koramangala_BLR,SKU001_Milk_1L,12,50.68,0,Clear,31.6,0,0,0,0,21
2024-04-23 09:00:00,DS002_Koramangala_BLR,SKU001_Milk_1L,18,52.79,0,Clear,30.7,0,0,0,1,9
2024-04-23 18:00:00,DS002_Koramangala_BLR,SKU001_Milk_1L,11,49.47,0,Clear,30.7,0,0,0,1,18
2024-04-23 21:00:00,DS002_Koramangala_BLR,SKU001_Milk_1L,12,54.3,0,Clear,30.7,0,0,0,1,21
2024-04-24 09:00:00,DS002_Koramangala_BLR,SKU001_Milk_1L,10,52.93,0,Clear,30.1,0,0,0,2,9
2024-04-24 18:00:00,DS002_Koramangala_BLR,SKU001_Milk_1L,12,51.39,0,Clear,30.1,0,0,0,2,18
2024-04-24 21:00:00,DS002_Koramangala_BLR,SKU001_Milk_1L,9,52.66,0,Clear,30.1,0,0,0,2,21
2024-04-25 09:00:00,DS002_Koramangala_BLR,SKU001_Milk_1L,19,51.06,0,Cloudy,24.7,0,0,0,3,9
2024-04-25 18:00:00,DS002_Koramangala_BLR,SKU001_Milk_1L,12,51.06,0,Cloudy,24.7,0,0,0,3,18
2024-04-25 21:00:00,DS002_Koramangala_BLR,SKU001_Milk_1L,2,54.35,1,Cloudy,24.7,0,0,0,3,21
2024-04-01 09:00:00,DS002_Koramangala_BLR,SKU002_Eggs_12pk,11,74.94,0,Clear,31.8,0,0,0,0,9
2024-04-01 18:00:00,DS002_Koramangala_BLR,SKU002_Eggs_12pk,8,79.39,0,Clear,31.8,0,0,0,0,18
2024-04-01 21:00:00,DS002_Koramangala_BLR,SKU002_Eggs_12pk,10,74.86,0,Clear,31.8,0,0,0,0,21
2024-04-02 09:00:00,DS002_Koramangala_BLR,SKU002_Eggs_12pk,10,76.88,0,Rain,21.4,0,0,0,1,9
2024-04-02 18:00:00,DS002_Koramangala_BLR,SKU002_Eggs_12pk,17,78.04,0,Rain,21.4,0,0,0,1,18
2024-04-02 21:00:00,DS002_Koramangala_BLR,SKU002_Eggs_12pk,3,75.02,0,Rain,21.4,0,0,0,1,21
2024-04-03 09:00:00,DS002_Koramangala_BLR,SKU002_Eggs_12pk,6,76.89,0,Clear,28.6,0,0,0,2,9
2024-04-03 18:00:00,DS002_Koramangala_BLR,SKU002_Eggs_12pk,5,79.0,0,Clear,28.6,0,0,0,2,18
2024-04-03 21:00:00,DS002_Koramangala_BLR,SKU002_Eggs_12pk,8,79.32,0,Clear,28.6,0,0,0,2,21
2024-04-04 09:00:00,DS002_Koramangala_BLR,SKU002_Eggs_12pk,4,80.94,0,Clear,31.5,0,0,0,3,9
2024-04-04 18:00:00,DS002_Koramangala_BLR,SKU002_Eggs_12pk,7,78.12,1,Clear,31.5,0,0,0,3,18
2024-04-04 21:00:00,DS002_Koramangala_BLR,SKU002_Eggs_12pk,6,79.49,0,Clear,31.5,0,0,0,3,21
2024-04-05 09:00:00,DS002_Koramangala_BLR,SKU002_Eggs_12pk,8,80.26,0,Cloudy,26.8,0,1,0,4,9
2024-04-05 18:00:00,DS002_Koramangala_BLR,SKU002_Eggs_12pk,11,78.56,1,Cloudy,26.8,0,1,0,4,18
2024-04-05 21:00:00,DS002_Koramangala_BLR,SKU002_Eggs_12pk,6,80.32,0,Cloudy,26.8,0,1,0,4,21
2024-04-06 09:00:00,DS002_Koramangala_BLR,SKU002_Eggs_12pk,7,81.6,0,Clear,31.9,0,0,1,5,9
2024-04-06 18:00:00,DS002_Koramangala_BLR,SKU002_Eggs_12pk,11,74.17,1,Clear,31.9,0,0,1,5,18
2024-04-06 21:00:00,DS002_Koramangala_BLR,SKU002_Eggs_12pk,10,81.19,0,Clear,31.9,0,0,1,5,21
2024-04-07 09:00:00,DS002_Koramangala_BLR,SKU002_Eggs_12pk,11,79.41,1,Rain,19.8,0,0,1,6,9
2024-04-07 18:00:00,DS002_Koramangala_BLR,SKU002_Eggs_12pk,11,78.88,1,Rain,19.8,0,0,1,6,18
2024-04-07 21:00:00,DS002_Koramangala_BLR,SKU002_Eggs_12pk,7,76.69,0,Rain,19.8,0,0,1,6,21
2024-04-08 09:00:00,DS002_Koramangala_BLR,SKU002_Eggs_12pk,8,77.06,0,Clear,28.7,0,0,0,0,9
2024-04-08 18:00:00,DS002_Koramangala_BLR,SKU002_Eggs_12pk,13,74.95,0,Clear,28.7,0,0,0,0,18
2024-04-08 21:00:00,DS002_Koramangala_BLR,SKU002_Eggs_12pk,6,80.74,0,Clear,28.7,0,0,0,0,21
2024-04-09 09:00:00,DS002_Koramangala_BLR,SKU002_Eggs_12pk,6,81.75,0,Clear,30.1,0,0,0,1,9
2024-04-09 18:00:00,DS002_Koramangala_BLR,SKU002_Eggs_12pk,10,75.05,0,Clear,30.1,0,0,0,1,18
2024-04-09 21:00:00,DS002_Koramangala_BLR,SKU002_Eggs_12pk,5,76.0,0,Clear,30.1,0,0,0,1,21
2024-04-10 09:00:00,DS002_Koramangala_BLR,SKU002_Eggs_12pk,6,78.77,0,Clear,29.2,0,0,0,2,9
2024-04-10 18:00:00,DS002_Koramangala_BLR,SKU002_Eggs_12pk,7,80.02,0,Clear,29.2,0,0,0,2,18
2024-04-10 21:00:00,DS002_Koramangala_BLR,SKU002_Eggs_12pk,7,81.19,0,Clear,29.2,0,0,0,2,21
2024-04-11 09:00:00,DS002_Koramangala_BLR,SKU002_Eggs_12pk,7,79.18,0,Cloudy,24.6,0,0,0,3,9
2024-04-11 18:00:00,DS002_Koramangala_BLR,SKU002_Eggs_12pk,11,80.98,0,Cloudy,24.6,0,0,0,3,18
2024-04-11 21:00:00,DS002_Koramangala_BLR,SKU002_Eggs_12pk,7,74.98,0,Cloudy,24.6,0,0,0,3,21
2024-04-12 09:00:00,DS002_Koramangala_BLR,SKU002_Eggs_12pk,12,76.92,0,Clear,29.5,0,1,0,4,9
2024-04-12 18:00:00,DS002_Koramangala_BLR,SKU002_Eggs_12pk,11,81.35,1,Clear,29.5,0,1,0,4,18
2024-04-12 21:00:00,DS002_Koramangala_BLR,SKU002_Eggs_12pk,6,78.23,0,Clear,29.5,0,1,0,4,21
2024-04-13 09:00:00,DS002_Koramangala_BLR,SKU002_Eggs_12pk,6,81.32,0,Cloudy,27.1,0,0,1,5,9
2024-04-13 18:00:00,DS002_Koramangala_BLR,SKU002_Eggs_12pk,11,76.64,1,Cloudy,27.1,0,0,1,5,18
2024-04-13 21:00:00,DS002_Koramangala_BLR,SKU002_Eggs_12pk,11,76.43,0,Cloudy,27.1,0,0,1,5,21
2024-04-14 09:00:00,DS002_Koramangala_BLR,SKU002_Eggs_12pk,11,78.6,1,Clear,30.1,1,0,1,6,9
2024-04-14 18:00:00,DS002_Koramangala_BLR,SKU002_Eggs_12pk,11,79.71,1,Clear,30.1,1,0,1,6,18
2024-04-14 21:00:00,DS002_Koramangala_BLR,SKU002_Eggs_12pk,11,81.44,1,Clear,30.1,1,0,1,6,21
2024-04-15 09:00:00,DS002_Koramangala_BLR,SKU002_Eggs_12pk,2,77.34,0,Cloudy,24.2,0,0,0,0,9
2024-04-15 18:00:00,DS002_Koramangala_BLR,SKU002_Eggs_12pk,13,78.64,0,Cloudy,24.2,0,0,0,0,18
2024-04-15 21:00:00,DS002_Koramangala_BLR,SKU002_Eggs_12pk,14,80.38,0,Cloudy,24.2,0,0,0,0,21
2024-04-16 09:00:00,DS002_Koramangala_BLR,SKU002_Eggs_12pk,5,74.58,0,Cloudy,24.7,0,0,0,1,9
2024-04-16 18:00:00,DS002_Koramangala_BLR,SKU002_Eggs_12pk,8,74.23,0,Cloudy,24.7,0,0,0,1,18
2024-04-16 21:00:00,DS002_Koramangala_BLR,SKU002_Eggs_12pk,4,78.13,0,Cloudy,24.7,0,0,0,1,21
2024-04-17 09:00:00,DS002_Koramangala_BLR,SKU002_Eggs_12pk,15,80.82,0,Clear,31.8,1,0,0,2,9
2024-04-17 18:00:00,DS002_Koramangala_BLR,SKU002_Eggs_12pk,11,76.99,1,Clear,31.8,1,0,0,2,18
2024-04-17 21:00:00,DS002_Koramangala_BLR,SKU002_Eggs_12pk,8,78.12,0,Clear,31.8,1,0,0,2,21
2024-04-18 09:00:00,DS002_Koramangala_BLR,SKU002_Eggs_12pk,4,75.81,0,Extreme Heat,42.2,0,0,0,3,9
2024-04-18 18:00:00,DS002_Koramangala_BLR,SKU002_Eggs_12pk,7,77.72,0,Extreme Heat,42.2,0,0,0,3,18
2024-04-18 21:00:00,DS002_Koramangala_BLR,SKU002_Eggs_12pk,4,81.1,0,Extreme Heat,42.2,0,0,0,3,21
2024-04-19 09:00:00,DS002_Koramangala_BLR,SKU002_Eggs_12pk,8,78.86,0,Clear,28.4,0,0,0,4,9
2024-04-19 18:00:00,DS002_Koramangala_BLR,SKU002_Eggs_12pk,8,77.88,0,Clear,28.4,0,0,0,4,18
2024-04-19 21:00:00,DS002_Koramangala_BLR,SKU002_Eggs_12pk,5,80.54,0,Clear,28.4,0,0,0,4,21
2024-04-20 09:00:00,DS002_Koramangala_BLR,SKU002_Eggs_12pk,11,78.9,1,Cloudy,25.8,0,1,1,5,9
2024-04-20 18:00:00,DS002_Koramangala_BLR,SKU002_Eggs_12pk,11,77.12,1,Cloudy,25.8,0,1,1,5,18
2024-04-20 21:00:00,DS002_Koramangala_BLR,SKU002_Eggs_12pk,11,76.78,1,Cloudy,25.8,0,1,1,5,21
2024-04-21 09:00:00,DS002_Koramangala_BLR,SKU002_Eggs_12pk,11,79.49,1,Clear,30.0,1,0,1,6,9
2024-04-21 18:00:00,DS002_Koramangala_BLR,SKU002_Eggs_12pk,11,74.18,1,Clear,30.0,1,0,1,6,18
2024-04-21 21:00:00,DS002_Koramangala_BLR,SKU002_Eggs_12pk,11,76.93,1,Clear,30.0,1,0,1,6,21
2024-04-22 09:00:00,DS002_Koramangala_BLR,SKU002_Eggs_12pk,4,74.43,0,Clear,31.6,0,0,0,0,9
2024-04-22 18:00:00,DS002_Koramangala_BLR,SKU002_Eggs_12pk,7,75.93,0,Clear,31.6,0,0,0,0,18
2024-04-22 21:00:00,DS002_Koramangala_BLR,SKU002_Eggs_12pk,5,80.93,0,Clear,31.6,0,0,0,0,21
2024-04-23 09:00:00,DS002_Koramangala_BLR,SKU002_Eggs_12pk,5,75.53,0,Clear,30.7,0,0,0,1,9
2024-04-23 18:00:00,DS002_Koramangala_BLR,SKU002_Eggs_12pk,9,79.3,0,Clear,30.7,0,0,0,1,18
2024-04-23 21:00:00,DS002_Koramangala_BLR,SKU002_Eggs_12pk,12,76.58,0,Clear,30.7,0,0,0,1,21
2024-04-24 09:00:00,DS002_Koramangala_BLR,SKU002_Eggs_12pk,9,75.26,0,Clear,30.1,0,0,0,2,9
2024-04-24 18:00:00,DS002_Koramangala_BLR,SKU002_Eggs_12pk,4,78.51,0,Clear,30.1,0,0,0,2,18
2024-04-24 21:00:00,DS002_Koramangala_BLR,SKU002_Eggs_12pk,10,80.42,0,Clear,30.1,0,0,0,2,21
2024-04-25 09:00:00,DS002_Koramangala_BLR,SKU002_Eggs_12pk,3,79.67,0,Cloudy,24.7,0,0,0,3,9
2024-04-25 18:00:00,DS002_Koramangala_BLR,SKU002_Eggs_12pk,2,74.29,0,Cloudy,24.7,0,0,0,3,18
2024-04-25 21:00:00,DS002_Koramangala_BLR,SKU002_Eggs_12pk,11,75.42,0,Cloudy,24.7,0,0,0,3,21
2024-04-01 09:00:00,DS002_Koramangala_BLR,SKU003_Bread_500g,6,38.92,0,Clear,31.8,0,0,0,0,9
2024-04-01 18:00:00,DS002_Koramangala_BLR,SKU003_Bread_500g,6,38.55,0,Clear,31.8,0,0,0,0,18
2024-04-01 21:00:00,DS002_Koramangala_BLR,SKU003_Bread_500g,14,41.19,0,Clear,31.8,0,0,0,0,21
2024-04-02 09:00:00,DS002_Koramangala_BLR,SKU003_Bread_500g,3,41.42,0,Rain,21.4,0,0,0,1,9
2024-04-02 18:00:00,DS002_Koramangala_BLR,SKU003_Bread_500g,15,39.56,0,Rain,21.4,0,0,0,1,18
2024-04-02 21:00:00,DS002_Koramangala_BLR,SKU003_Bread_500g,9,38.17,0,Rain,21.4,0,0,0,1,21
2024-04-03 09:00:00,DS002_Koramangala_BLR,SKU003_Bread_500g,10,41.02,0,Clear,28.6,0,0,0,2,9
2024-04-03 18:00:00,DS002_Koramangala_BLR,SKU003_Bread_500g,8,39.94,0,Clear,28.6,0,0,0,2,18
2024-04-03 21:00:00,DS002_Koramangala_BLR,SKU003_Bread_500g,9,40.44,0,Clear,28.6,0,0,0,2,21
2024-04-04 09:00:00,DS002_Koramangala_BLR,SKU003_Bread_500g,7,40.89,0,Clear,31.5,0,0,0,3,9
2024-04-04 18:00:00,DS002_Koramangala_BLR,SKU003_Bread_500g,12,39.51,0,Clear,31.5,0,0,0,3,18
2024-04-04 21:00:00,DS002_Koramangala_BLR,SKU003_Bread_500g,9,39.05,0,Clear,31.5,0,0,0,3,21
2024-04-05 09:00:00,DS002_Koramangala_BLR,SKU003_Bread_500g,15,41.83,0,Cloudy,26.8,0,1,0,4,9
2024-04-05 18:00:00,DS002_Koramangala_BLR,SKU003_Bread_500g,13,40.65,1,Cloudy,26.8,0,1,0,4,18
2024-04-05 21:00:00,DS002_Koramangala_BLR,SKU003_Bread_500g,9,41.54,0,Cloudy,26.8,0,1,0,4,21
2024-04-06 09:00:00,DS002_Koramangala_BLR,SKU003_Bread_500g,7,38.25,0,Clear,31.9,0,0,1,5,9
2024-04-06 18:00:00,DS002_Koramangala_BLR,SKU003_Bread_500g,13,39.13,1,Clear,31.9,0,0,1,5,18
2024-04-06 21:00:00,DS002_Koramangala_BLR,SKU003_Bread_500g,14,39.28,0,Clear,31.9,0,0,1,5,21
2024-04-07 09:00:00,DS002_Koramangala_BLR,SKU003_Bread_500g,13,41.03,1,Rain,19.8,0,0,1,6,9
2024-04-07 18:00:00,DS002_Koramangala_BLR,SKU003_Bread_500g,13,41.79,1,Rain,19.8,0,0,1,6,18
2024-04-07 21:00:00,DS002_Koramangala_BLR,SKU003_Bread_500g,14,39.61,0,Rain,19.8,0,0,1,6,21
2024-04-08 09:00:00,DS002_Koramangala_BLR,SKU003_Bread_500g,9,38.49,0,Clear,28.7,0,0,0,0,9
2024-04-08 18:00:00,DS002_Koramangala_BLR,SKU003_Bread_500g,16,40.18,0,Clear,28.7,0,0,0,0,18
2024-04-08 21:00:00,DS002_Koramangala_BLR,SKU003_Bread_500g,8,38.71,0,Clear,28.7,0,0,0,0,21
2024-04-09 09:00:00,DS002_Koramangala_BLR,SKU003_Bread_500g,4,41.07,0,Clear,30.1,0,0,0,1,9
2024-04-09 18:00:00,DS002_Koramangala_BLR,SKU003_Bread_500g,3,40.6,1,Clear,30.1,0,0,0,1,18
2024-04-09 21:00:00,DS002_Koramangala_BLR,SKU003_Bread_500g,8,41.24,0,Clear,30.1,0,0,0,1,21
2024-04-10 09:00:00,DS002_Koramangala_BLR,SKU003_Bread_500g,5,40.7,0,Clear,29.2,0,0,0,2,9
2024-04-10 18:00:00,DS002_Koramangala_BLR,SKU003_Bread_500g,10,38.01,0,Clear,29.2,0,0,0,2,18
2024-04-10 21:00:00,DS002_Koramangala_BLR,SKU003_Bread_500g,2,38.53,0,Clear,29.2,0,0,0,2,21
2024-04-11 09:00:00,DS002_Koramangala_BLR,SKU003_Bread_500g,7,38.66,0,Cloudy,24.6,0,0,0,3,9
2024-04-11 18:00:00,DS002_Koramangala_BLR,SKU003_Bread_500g,9,38.37,1,Cloudy,24.6,0,0,0,3,18
2024-04-11 21:00:00,DS002_Koramangala_BLR,SKU003_Bread_500g,4,39.21,0,Cloudy,24.6,0,0,0,3,21
2024-04-12 09:00:00,DS002_Koramangala_BLR,SKU003_Bread_500g,12,39.11,0,Clear,29.5,0,1,0,4,9
2024-04-12 18:00:00,DS002_Koramangala_BLR,SKU003_Bread_500g,13,40.92,1,Clear,29.5,0,1,0,4,18
2024-04-12 21:00:00,DS002_Koramangala_BLR,SKU003_Bread_500g,11,39.6,0,Clear,29.5,0,1,0,4,21
2024-04-13 09:00:00,DS002_Koramangala_BLR,SKU003_Bread_500g,12,38.59,0,Cloudy,27.1,0,0,1,5,9
2024-04-13 18:00:00,DS002_Koramangala_BLR,SKU003_Bread_500g,13,40.92,1,Cloudy,27.1,0,0,1,5,18
2024-04-13 21:00:00,DS002_Koramangala_BLR,SKU003_Bread_500g,9,38.12,0,Cloudy,27.1,0,0,1,5,21
2024-04-14 09:00:00,DS002_Koramangala_BLR,SKU003_Bread_500g,13,38.4,1,Clear,30.1,1,0,1,6,9
2024-04-14 18:00:00,DS002_Koramangala_BLR,SKU003_Bread_500g,13,41.29,1,Clear,30.1,1,0,1,6,18
2024-04-14 21:00:00,DS002_Koramangala_BLR,SKU003_Bread_500g,13,40.26,1,Clear,30.1,1,0,1,6,21
2024-04-15 09:00:00,DS002_Koramangala_BLR,SKU003_Bread_500g,10,41.9,0,Cloudy,24.2,0,0,0,0,9
2024-04-15 18:00:00,DS002_Koramangala_BLR,SKU003_Bread_500g,11,40.25,0,Cloudy,24.2,0,0,0,0,18
2024-04-15 21:00:00,DS002_Koramangala_BLR,SKU003_Bread_500g,6,41.58,0,Cloudy,24.2,0,0,0,0,21
2024-04-16 09:00:00,DS002_Koramangala_BLR,SKU003_Bread_500g,4,41.53,0,Cloudy,24.7,0,0,0,1,9
2024-04-16 18:00:00,DS002_Koramangala_BLR,SKU003_Bread_500g,12,38.47,0,Cloudy,24.7,0,0,0,1,18
2024-04-16 21:00:00,DS002_Koramangala_BLR,SKU003_Bread_500g,8,40.78,0,Cloudy,24.7,0,0,0,1,21
2024-04-17 09:00:00,DS002_Koramangala_BLR,SKU003_Bread_500g,16,41.99,0,Clear,31.8,1,0,0,2,9
2024-04-17 18:00:00,DS002_Koramangala_BLR,SKU003_Bread_500g,13,40.15,1,Clear,31.8,1,0,0,2,18
2024-04-17 21:00:00,DS002_Koramangala_BLR,SKU003_Bread_500g,12,41.31,0,Clear,31.8,1,0,0,2,21
2024-04-18 09:00:00,DS002_Koramangala_BLR,SKU003_Bread_500g,10,40.53,0,Extreme Heat,42.2,0,0,0,3,9
2024-04-18 18:00:00,DS002_Koramangala_BLR,SKU003_Bread_500g,4,41.09,1,Extreme Heat,42.2,0,0,0,3,18
2024-04-18 21:00:00,DS002_Koramangala_BLR,SKU003_Bread_500g,9,39.31,0,Extreme Heat,42.2,0,0,0,3,21
2024-04-19 09:00:00,DS002_Koramangala_BLR,SKU003_Bread_500g,14,39.69,0,Clear,28.4,0,0,0,4,9
2024-04-19 18:00:00,DS002_Koramangala_BLR,SKU003_Bread_500g,9,38.55,0,Clear,28.4,0,0,0,4,18
2024-04-19 21:00:00,DS002_Koramangala_BLR,SKU003_Bread_500g,9,41.18,0,Clear,28.4,0,0,0,4,21
2024-04-20 09:00:00,DS002_Koramangala_BLR,SKU003_Bread_500g,13,40.01,1,Cloudy,25.8,0,1,1,5,9
2024-04-20 18:00:00,DS002_Koramangala_BLR,SKU003_Bread_500g,13,41.31,1,Cloudy,25.8,0,1,1,5,18
2024-04-20 21:00:00,DS002_Koramangala_BLR,SKU003_Bread_500g,13,41.71,1,Cloudy,25.8,0,1,1,5,21
2024-04-21 09:00:00,DS002_Koramangala_BLR,SKU003_Bread_500g,13,38.74,1,Clear,30.0,1,0,1,6,9
2024-04-21 18:00:00,DS002_Koramangala_BLR,SKU003_Bread_500g,13,39.86,1,Clear,30.0,1,0,1,6,18
2024-04-21 21:00:00,DS002_Koramangala_BLR,SKU003_Bread_500g,13,38.84,1,Clear,30.0,1,0,1,6,21
2024-04-22 09:00:00,DS002_Koramangala_BLR,SKU003_Bread_500g,12,39.61,0,Clear,31.6,0,0,0,0,9
2024-04-22 18:00:00,DS002_Koramangala_BLR,SKU003_Bread_500g,8,38.04,0,Clear,31.6,0,0,0,0,18
2024-04-22 21:00:00,DS002_Koramangala_BLR,SKU003_Bread_500g,4,40.14,0,Clear,31.6,0,0,0,0,21
2024-04-23 09:00:00,DS002_Koramangala_BLR,SKU003_Bread_500g,4,41.37,0,Clear,30.7,0,0,0,1,9
2024-04-23 18:00:00,DS002_Koramangala_BLR,SKU003_Bread_500g,9,41.57,0,Clear,30.7,0,0,0,1,18
2024-04-23 21:00:00,DS002_Koramangala_BLR,SKU003_Bread_500g,5,40.0,0,Clear,30.7,0,0,0,1,21
2024-04-24 09:00:00,DS002_Koramangala_BLR,SKU003_Bread_500g,5,39.41,0,Clear,30.1,0,0,0,2,9
2024-04-24 18:00:00,DS002_Koramangala_BLR,SKU003_Bread_500g,5,40.17,0,Clear,30.1,0,0,0,2,18
2024-04-24 21:00:00,DS002_Koramangala_BLR,SKU003_Bread_500g,5,41.56,0,Clear,30.1,0,0,0,2,21
2024-04-25 09:00:00,DS002_Koramangala_BLR,SKU003_Bread_500g,6,39.26,0,Cloudy,24.7,0,0,0,3,9
2024-04-25 18:00:00,DS002_Koramangala_BLR,SKU003_Bread_500g,7,41.65,0,Cloudy,24.7,0,0,0,3,18
2024-04-25 21:00:00,DS002_Koramangala_BLR,SKU003_Bread_500g,8,40.04,0,Cloudy,24.7,0,0,0,3,21
2024-04-01 09:00:00,DS003_CP_DEL,SKU001_Milk_1L,5,54.23,0,Clear,31.8,0,0,0,0,9
2024-04-01 18:00:00,DS003_CP_DEL,SKU001_Milk_1L,11,53.96,0,Clear,31.8,0,0,0,0,18
2024-04-01 21:00:00,DS003_CP_DEL,SKU001_Milk_1L,12,54.03,0,Clear,31.8,0,0,0,0,21
2024-04-02 09:00:00,DS003_CP_DEL,SKU001_Milk_1L,17,51.96,0,Rain,21.4,0,0,0,1,9
2024-04-02 18:00:00,DS003_CP_DEL,SKU001_Milk_1L,10,54.34,0,Rain,21.4,0,0,0,1,18
2024-04-02 21:00:00,DS003_CP_DEL,SKU001_Milk_1L,19,49.78,0,Rain,21.4,0,0,0,1,21
2024-04-03 09:00:00,DS003_CP_DEL,SKU001_Milk_1L,12,50.11,0,Clear,28.6,0,0,0,2,9
2024-04-03 18:00:00,DS003_CP_DEL,SKU001_Milk_1L,14,53.29,0,Clear,28.6,0,0,0,2,18
2024-04-03 21:00:00,DS003_CP_DEL,SKU001_Milk_1L,7,54.55,0,Clear,28.6,0,0,0,2,21
2024-04-04 09:00:00,DS003_CP_DEL,SKU001_Milk_1L,13,52.22,0,Clear,31.5,0,0,0,3,9
2024-04-04 18:00:00,DS003_CP_DEL,SKU001_Milk_1L,17,53.11,0,Clear,31.5,0,0,0,3,18
2024-04-04 21:00:00,DS003_CP_DEL,SKU001_Milk_1L,8,52.69,0,Clear,31.5,0,0,0,3,21
2024-04-05 09:00:00,DS003_CP_DEL,SKU001_Milk_1L,22,53.17,0,Cloudy,26.8,0,1,0,4,9
2024-04-05 18:00:00,DS003_CP_DEL,SKU001_Milk_1L,19,51.62,1,Cloudy,26.8,0,1,0,4,18
2024-04-05 21:00:00,DS003_CP_DEL,SKU001_Milk_1L,9,50.6,0,Cloudy,26.8,0,1,0,4,21
2024-04-06 09:00:00,DS003_CP_DEL,SKU001_Milk_1L,22,52.37,0,Clear,31.9,0,0,1,5,9
2024-04-06 18:00:00,DS003_CP_DEL,SKU001_Milk_1L,19,50.33,1,Clear,31.9,0,0,1,5,18
2024-04-06 21:00:00,DS003_CP_DEL,SKU001_Milk_1L,18,52.22,0,Clear,31.9,0,0,1,5,21
2024-04-07 09:00:00,DS003_CP_DEL,SKU001_Milk_1L,19,50.16,1,Rain,19.8,0,0,1,6,9
2024-04-07 18:00:00,DS003_CP_DEL,SKU001_Milk_1L,19,52.58,1,Rain,19.8,0,0,1,6,18
2024-04-07 21:00:00,DS003_CP_DEL,SKU001_Milk_1L,19,50.46,1,Rain,19.8,0,0,1,6,21
2024-04-08 09:00:00,DS003_CP_DEL,SKU001_Milk_1L,8,50.57,0,Clear,28.7,0,0,0,0,9
2024-04-08 18:00:00,DS003_CP_DEL,SKU001_Milk_1L,13,50.28,0,Clear,28.7,0,0,0,0,18
2024-04-08 21:00:00,DS003_CP_DEL,SKU001_Milk_1L,8,52.72,0,Clear,28.7,0,0,0,0,21
2024-04-09 09:00:00,DS003_CP_DEL,SKU001_Milk_1L,8,50.74,0,Clear,30.1,0,0,0,1,9
2024-04-09 18:00:00,DS003_CP_DEL,SKU001_Milk_1L,8,51.79,0,Clear,30.1,0,0,0,1,18
2024-04-09 21:00:00,DS003_CP_DEL,SKU001_Milk_1L,9,51.74,0,Clear,30.1,0,0,0,1,21
2024-04-10 09:00:00,DS003_CP_DEL,SKU001_Milk_1L,11,52.89,0,Clear,29.2,0,0,0,2,9
2024-04-10 18:00:00,DS003_CP_DEL,SKU001_Milk_1L,9,50.34,0,Clear,29.2,0,0,0,2,18
2024-04-10 21:00:00,DS003_CP_DEL,SKU001_Milk_1L,5,50.83,0,Clear,29.2,0,0,0,2,21
2024-04-11 09:00:00,DS003_CP_DEL,SKU001_Milk_1L,10,50.47,0,Cloudy,24.6,0,0,0,3,9
2024-04-11 18:00:00,DS003_CP_DEL,SKU001_Milk_1L,11,51.15,0,Cloudy,24.6,0,0,0,3,18
2024-04-11 21:00:00,DS003_CP_DEL,SKU001_Milk_1L,12,53.26,0,Cloudy,24.6,0,0,0,3,21
2024-04-12 09:00:00,DS003_CP_DEL,SKU001_Milk_1L,29,50.42,0,Clear,29.5,0,1,0,4,9
2024-04-12 18:00:00,DS003_CP_DEL,SKU001_Milk_1L,19,50.74,1,Clear,29.5,0,1,0,4,18
2024-04-12 21:00:00,DS003_CP_DEL,SKU001_Milk_1L,12,49.75,0,Clear,29.5,0,1,0,4,21
2024-04-13 09:00:00,DS003_CP_DEL,SKU001_Milk_1L,18,51.33,0,Cloudy,27.1,0,0,1,5,9
2024-04-13 18:00:00,DS003_CP_DEL,SKU001_Milk_1L,19,52.52,1,Cloudy,27.1,0,0,1,5,18
2024-04-13 21:00:00,DS003_CP_DEL,SKU001_Milk_1L,29,53.37,0,Cloudy,27.1,0,0,1,5,21
2024-04-14 09:00:00,DS003_CP_DEL,SKU001_Milk_1L,19,49.99,1,Clear,30.1,1,0,1,6,9
2024-04-14 18:00:00,DS003_CP_DEL,SKU001_Milk_1L,19,52.14,1,Clear,30.1,1,0,1,6,18
2024-04-14 21:00:00,DS003_CP_DEL,SKU001_Milk_1L,19,54.12,1,Clear,30.1,1,0,1,6,21
2024-04-15 09:00:00,DS003_CP_DEL,SKU001_Milk_1L,12,49.62,0,Cloudy,24.2,0,0,0,0,9
2024-04-15 18:00:00,DS003_CP_DEL,SKU001_Milk_1L,18,52.62,0,Cloudy,24.2,0,0,0,0,18
2024-04-15 21:00:00,DS003_CP_DEL,SKU001_Milk_1L,19,51.9,0,Cloudy,24.2,0,0,0,0,21
2024-04-16 09:00:00,DS003_CP_DEL,SKU001_Milk_1L,4,53.2,0,Cloudy,24.7,0,0,0,1,9
2024-04-16 18:00:00,DS003_CP_DEL,SKU001_Milk_1L,22,53.61,0,Cloudy,24.7,0,0,0,1,18
2024-04-16 21:00:00,DS003_CP_DEL,SKU001_Milk_1L,10,52.74,0,Cloudy,24.7,0,0,0,1,21
2024-04-17 09:00:00,DS003_CP_DEL,SKU001_Milk_1L,14,53.04,0,Clear,31.8,1,0,0,2,9
2024-04-17 18:00:00,DS003_CP_DEL,SKU001_Milk_1L,19,54.06,1,Clear,31.8,1,0,0,2,18
2024-04-17 21:00:00,DS003_CP_DEL,SKU001_Milk_1L,20,54.35,0,Clear,31.8,1,0,0,2,21
2024-04-18 09:00:00,DS003_CP_DEL,SKU001_Milk_1L,7,54.06,0,Extreme Heat,42.2,0,0,0,3,9
2024-04-18 18:00:00,DS003_CP_DEL,SKU001_Milk_1L,12,52.44,0,Extreme Heat,42.2,0,0,0,3,18
2024-04-18 21:00:00,DS003_CP_DEL,SKU001_Milk_1L,8,53.48,0,Extreme Heat,42.2,0,0,0,3,21
2024-04-19 09:00:00,DS003_CP_DEL,SKU001_Milk_1L,7,53.99,0,Clear,28.4,0,0,0,4,9
2024-04-19 18:00:00,DS003_CP_DEL,SKU001_Milk_1L,16,52.64,0,Clear,28.4,0,0,0,4,18
2024-04-19 21:00:00,DS003_CP_DEL,SKU001_Milk_1L,8,50.53,0,Clear,28.4,0,0,0,4,21
2024-04-20 09:00:00,DS003_CP_DEL,SKU001_Milk_1L,19,52.27,1,Cloudy,25.8,0,1,1,5,9
2024-04-20 18:00:00,DS003_CP_DEL,SKU001_Milk_1L,19,50.62,1,Cloudy,25.8,0,1,1,5,18
2024-04-20 21:00:00,DS003_CP_DEL,SKU001_Milk_1L,19,50.25,1,Cloudy,25.8,0,1,1,5,21
2024-04-21 09:00:00,DS003_CP_DEL,SKU001_Milk_1L,19,53.72,1,Clear,30.0,1,0,1,6,9
2024-04-21 18:00:00,DS003_CP_DEL,SKU001_Milk_1L,19,52.49,1,Clear,30.0,1,0,1,6,18
2024-04-21 21:00:00,DS003_CP_DEL,SKU001_Milk_1L,19,51.91,1,Clear,30.0,1,0,1,6,21
2024-04-22 09:00:00,DS003_CP_DEL,SKU001_Milk_1L,14,51.63,0,Clear,31.6,0,0,0,0,9
2024-04-22 18:00:00,DS003_CP_DEL,SKU001_Milk_1L,11,51.29,0,Clear,31.6,0,0,0,0,18
2024-04-22 21:00:00,DS003_CP_DEL,SKU001_Milk_1L,5,49.56,0,Clear,31.6,0,0,0,0,21
2024-04-23 09:00:00,DS003_CP_DEL,SKU001_Milk_1L,10,53.17,0,Clear,30.7,0,0,0,1,9
2024-04-23 18:00:00,DS003_CP_DEL,SKU001_Milk_1L,12,51.06,0,Clear,30.7,0,0,0,1,18
2024-04-23 21:00:00,DS003_CP_DEL,SKU001_Milk_1L,6,52.61,0,Clear,30.7,0,0,0,1,21
2024-04-24 09:00:00,DS003_CP_DEL,SKU001_Milk_1L,12,50.06,0,Clear,30.1,0,0,0,2,9
2024-04-24 18:00:00,DS003_CP_DEL,SKU001_Milk_1L,14,53.78,0,Clear,30.1,0,0,0,2,18
2024-04-24 21:00:00,DS003_CP_DEL,SKU001_Milk_1L,9,52.37,0,Clear,30.1,0,0,0,2,21
2024-04-25 09:00:00,DS003_CP_DEL,SKU001_Milk_1L,14,50.94,0,Cloudy,24.7,0,0,0,3,9
2024-04-25 18:00:00,DS003_CP_DEL,SKU001_Milk_1L,16,51.41,0,Cloudy,24.7,0,0,0,3,18
2024-04-25 21:00:00,DS003_CP_DEL,SKU001_Milk_1L,12,53.71,0,Cloudy,24.7,0,0,0,3,21
2024-04-01 09:00:00,DS003_CP_DEL,SKU002_Eggs_12pk,10,77.43,0,Clear,31.8,0,0,0,0,9
2024-04-01 18:00:00,DS003_CP_DEL,SKU002_Eggs_12pk,9,76.82,0,Clear,31.8,0,0,0,0,18
2024-04-01 21:00:00,DS003_CP_DEL,SKU002_Eggs_12pk,4,78.33,0,Clear,31.8,0,0,0,0,21
2024-04-02 09:00:00,DS003_CP_DEL,SKU002_Eggs_12pk,6,78.98,0,Rain,21.4,0,0,0,1,9
2024-04-02 18:00:00,DS003_CP_DEL,SKU002_Eggs_12pk,11,77.54,0,Rain,21.4,0,0,0,1,18
2024-04-02 21:00:00,DS003_CP_DEL,SKU002_Eggs_12pk,9,81.51,0,Rain,21.4,0,0,0,1,21
2024-04-03 09:00:00,DS003_CP_DEL,SKU002_Eggs_12pk,3,81.15,0,Clear,28.6,0,0,0,2,9
2024-04-03 18:00:00,DS003_CP_DEL,SKU002_Eggs_12pk,6,78.25,0,Clear,28.6,0,0,0,2,18
2024-04-03 21:00:00,DS003_CP_DEL,SKU002_Eggs_12pk,7,81.35,0,Clear,28.6,0,0,0,2,21
2024-04-04 09:00:00,DS003_CP_DEL,SKU002_Eggs_12pk,6,75.3,0,Clear,31.5,0,0,0,3,9
2024-04-04 18:00:00,DS003_CP_DEL,SKU002_Eggs_12pk,7,76.22,0,Clear,31.5,0,0,0,3,18
2024-04-04 21:00:00,DS003_CP_DEL,SKU002_Eggs_12pk,8,80.11,0,Clear,31.5,0,0,0,3,21
2024-04-05 09:00:00,DS003_CP_DEL,SKU002_Eggs_12pk,11,75.04,0,Cloudy,26.8,0,1,0,4,9
2024-04-05 18:00:00,DS003_CP_DEL,SKU002_Eggs_12pk,10,77.7,1,Cloudy,26.8,0,1,0,4,18
2024-04-05 21:00:00,DS003_CP_DEL,SKU002_Eggs_12pk,4,80.54,0,Cloudy,26.8,0,1,0,4,21
2024-04-06 09:00:00,DS003_CP_DEL,SKU002_Eggs_12pk,10,74.93,0,Clear,31.9,0,0,1,5,9
2024-04-06 18:00:00,DS003_CP_DEL,SKU002_Eggs_12pk,10,81.49,1,Clear,31.9,0,0,1,5,18
2024-04-06 21:00:00,DS003_CP_DEL,SKU002_Eggs_12pk,4,74.24,0,Clear,31.9,0,0,1,5,21
2024-04-07 09:00:00,DS003_CP_DEL,SKU002_Eggs_12pk,10,74.24,1,Rain,19.8,0,0,1,6,9
2024-04-07 18:00:00,DS003_CP_DEL,SKU002_Eggs_12pk,10,78.41,1,Rain,19.8,0,0,1,6,18
2024-04-07 21:00:00,DS003_CP_DEL,SKU002_Eggs_12pk,12,78.83,0,Rain,19.8,0,0,1,6,21
2024-04-08 09:00:00,DS003_CP_DEL,SKU002_Eggs_12pk,2,79.47,0,Clear,28.7,0,0,0,0,9
2024-04-08 18:00:00,DS003_CP_DEL,SKU002_Eggs_12pk,11,77.18,0,Clear,28.7,0,0,0,0,18
2024-04-08 21:00:00,DS003_CP_DEL,SKU002_Eggs_12pk,3,78.76,0,Clear,28.7,0,0,0,0,21
2024-04-09 09:00:00,DS003_CP_DEL,SKU002_Eggs_12pk,5,75.87,0,Clear,30.1,0,0,0,1,9
2024-04-09 18:00:00,DS003_CP_DEL,SKU002_Eggs_12pk,5,75.05,0,Clear,30.1,0,0,0,1,18
2024-04-09 21:00:00,DS003_CP_DEL,SKU002_Eggs_12pk,4,79.92,0,Clear,30.1,0,0,0,1,21
2024-04-10 09:00:00,DS003_CP_DEL,SKU002_Eggs_12pk,8,74.52,0,Clear,29.2,0,0,0,2,9
2024-04-10 18:00:00,DS003_CP_DEL,SKU002_Eggs_12pk,7,77.9,0,Clear,29.2,0,0,0,2,18
2024-04-10 21:00:00,DS003_CP_DEL,SKU002_Eggs_12pk,7,74.46,0,Clear,29.2,0,0,0,2,21
2024-04-11 09:00:00,DS003_CP_DEL,SKU002_Eggs_12pk,8,81.19,0,Cloudy,24.6,0,0,0,3,9
2024-04-11 18:00:00,DS003_CP_DEL,SKU002_Eggs_12pk,11,74.98,0,Cloudy,24.6,0,0,0,3,18
2024-04-11 21:00:00,DS003_CP_DEL,SKU002_Eggs_12pk,7,80.3,0,Cloudy,24.6,0,0,0,3,21
2024-04-12 09:00:00,DS003_CP_DEL,SKU002_Eggs_12pk,2,80.6,1,Clear,29.5,0,1,0,4,9
2024-04-12 18:00:00,DS003_CP_DEL,SKU002_Eggs_12pk,10,79.7,1,Clear,29.5,0,1,0,4,18
2024-04-12 21:00:00,DS003_CP_DEL,SKU002_Eggs_12pk,9,80.02,0,Clear,29.5,0,1,0,4,21
2024-04-13 09:00:00,DS003_CP_DEL,SKU002_Eggs_12pk,8,80.13,0,Cloudy,27.1,0,0,1,5,9
2024-04-13 18:00:00,DS003_CP_DEL,SKU002_Eggs_12pk,10,74.4,1,Cloudy,27.1,0,0,1,5,18
2024-04-13 21:00:00,DS003_CP_DEL,SKU002_Eggs_12pk,12,74.8,0,Cloudy,27.1,0,0,1,5,21
2024-04-14 09:00:00,DS003_CP_DEL,SKU002_Eggs_12pk,10,77.83,1,Clear,30.1,1,0,1,6,9
2024-04-14 18:00:00,DS003_CP_DEL,SKU002_Eggs_12pk,10,76.46,1,Clear,30.1,1,0,1,6,18
2024-04-14 21:00:00,DS003_CP_DEL,SKU002_Eggs_12pk,10,77.04,1,Clear,30.1,1,0,1,6,21
2024-04-15 09:00:00,DS003_CP_DEL,SKU002_Eggs_12pk,11,76.68,0,Cloudy,24.2,0,0,0,0,9
2024-04-15 18:00:00,DS003_CP_DEL,SKU002_Eggs_12pk,13,79.48,0,Cloudy,24.2,0,0,0,0,18
2024-04-15 21:00:00,DS003_CP_DEL,SKU002_Eggs_12pk,2,77.57,0,Cloudy,24.2,0,0,0,0,21
2024-04-16 09:00:00,DS003_CP_DEL,SKU002_Eggs_12pk,8,81.9,0,Cloudy,24.7,0,0,0,1,9
2024-04-16 18:00:00,DS003_CP_DEL,SKU002_Eggs_12pk,10,75.37,0,Cloudy,24.7,0,0,0,1,18
2024-04-16 21:00:00,DS003_CP_DEL,SKU002_Eggs_12pk,6,75.01,1,Cloudy,24.7,0,0,0,1,21
2024-04-17 09:00:00,DS003_CP_DEL,SKU002_Eggs_12pk,3,76.03,1,Clear,31.8,1,0,0,2,9
2024-04-17 18:00:00,DS003_CP_DEL,SKU002_Eggs_12pk,10,77.64,1,Clear,31.8,1,0,0,2,18
2024-04-17 21:00:00,DS003_CP_DEL,SKU002_Eggs_12pk,9,79.38,0,Clear,31.8,1,0,0,2,21
2024-04-18 09:00:00,DS003_CP_DEL,SKU002_Eggs_12pk,3,74.64,0,Extreme Heat,42.2,0,0,0,3,9
2024-04-18 18:00:00,DS003_CP_DEL,SKU002_Eggs_12pk,9,79.95,0,Extreme Heat,42.2,0,0,0,3,18
2024-04-18 21:00:00,DS003_CP_DEL,SKU002_Eggs_12pk,4,78.97,0,Extreme Heat,42.2,0,0,0,3,21
2024-04-19 09:00:00,DS003_CP_DEL,SKU002_Eggs_12pk,9,78.96,0,Clear,28.4,0,0,0,4,9
2024-04-19 18:00:00,DS003_CP_DEL,SKU002_Eggs_12pk,6,77.68,0,Clear,28.4,0,0,0,4,18
2024-04-19 21:00:00,DS003_CP_DEL,SKU002_Eggs_12pk,3,80.28,0,Clear,28.4,0,0,0,4,21
2024-04-20 09:00:00,DS003_CP_DEL,SKU002_Eggs_12pk,10,75.35,1,Cloudy,25.8,0,1,1,5,9
2024-04-20 18:00:00,DS003_CP_DEL,SKU002_Eggs_12pk,10,81.6,1,Cloudy,25.8,0,1,1,5,18
2024-04-20 21:00:00,DS003_CP_DEL,SKU002_Eggs_12pk,10,81.65,1,Cloudy,25.8,0,1,1,5,21
2024-04-21 09:00:00,DS003_CP_DEL,SKU002_Eggs_12pk,10,78.25,1,Clear,30.0,1,0,1,6,9
2024-04-21 18:00:00,DS003_CP_DEL,SKU002_Eggs_12pk,10,79.24,1,Clear,30.0,1,0,1,6,18
2024-04-21 21:00:00,DS003_CP_DEL,SKU002_Eggs_12pk,10,77.07,1,Clear,30.0,1,0,1,6,21
2024-04-22 09:00:00,DS003_CP_DEL,SKU002_Eggs_12pk,9,77.88,0,Clear,31.6,0,0,0,0,9
2024-04-22 18:00:00,DS003_CP_DEL,SKU002_Eggs_12pk,2,78.52,0,Clear,31.6,0,0,0,0,18
2024-04-22 21:00:00,DS003_CP_DEL,SKU002_Eggs_12pk,4,78.06,0,Clear,31.6,0,0,0,0,21
2024-04-23 09:00:00,DS003_CP_DEL,SKU002_Eggs_12pk,7,78.36,0,Clear,30.7,0,0,0,1,9
2024-04-23 18:00:00,DS003_CP_DEL,SKU002_Eggs_12pk,9,77.42,0,Clear,30.7,0,0,0,1,18
2024-04-23 21:00:00,DS003_CP_DEL,SKU002_Eggs_12pk,5,75.51,0,Clear,30.7,0,0,0,1,21
2024-04-24 09:00:00,DS003_CP_DEL,SKU002_Eggs_12pk,7,78.03,0,Clear,30.1,0,0,0,2,9
2024-04-24 18:00:00,DS003_CP_DEL,SKU002_Eggs_12pk,3,78.14,0,Clear,30.1,0,0,0,2,18
2024-04-24 21:00:00,DS003_CP_DEL,SKU002_Eggs_12pk,4,79.57,0,Clear,30.1,0,0,0,2,21
2024-04-25 09:00:00,DS003_CP_DEL,SKU002_Eggs_12pk,5,78.73,0,Cloudy,24.7,0,0,0,3,9
2024-04-25 18:00:00,DS003_CP_DEL,SKU002_Eggs_12pk,5,81.63,0,Cloudy,24.7,0,0,0,3,18
2024-04-25 21:00:00,DS003_CP_DEL,SKU002_Eggs_12pk,8,81.01,0,Cloudy,24.7,0,0,0,3,21
2024-04-01 09:00:00,DS003_CP_DEL,SKU003_Bread_500g,5,39.35,0,Clear,31.8,0,0,0,0,9
2024-04-01 18:00:00,DS003_CP_DEL,SKU003_Bread_500g,9,40.65,0,Clear,31.8,0,0,0,0,18
2024-04-01 21:00:00,DS003_CP_DEL,SKU003_Bread_500g,3,39.44,0,Clear,31.8,0,0,0,0,21
2024-04-02 09:00:00,DS003_CP_DEL,SKU003_Bread_500g,6,41.76,0,Rain,21.4,0,0,0,1,9
2024-04-02 18:00:00,DS003_CP_DEL,SKU003_Bread_500g,15,38.57,0,Rain,21.4,0,0,0,1,18
2024-04-02 21:00:00,DS003_CP_DEL,SKU003_Bread_500g,8,41.94,0,Rain,21.4,0,0,0,1,21
2024-04-03 09:00:00,DS003_CP_DEL,SKU003_Bread_500g,10,41.92,0,Clear,28.6,0,0,0,2,9
2024-04-03 18:00:00,DS003_CP_DEL,SKU003_Bread_500g,4,39.31,0,Clear,28.6,0,0,0,2,18
2024-04-03 21:00:00,DS003_CP_DEL,SKU003_Bread_500g,6,40.3,0,Clear,28.6,0,0,0,2,21
2024-04-04 09:00:00,DS003_CP_DEL,SKU003_Bread_500g,10,40.43,0,Clear,31.5,0,0,0,3,9
2024-04-04 18:00:00,DS003_CP_DEL,SKU003_Bread_500g,15,41.22,0,Clear,31.5,0,0,0,3,18
2024-04-04 21:00:00,DS003_CP_DEL,SKU003_Bread_500g,9,39.08,0,Clear,31.5,0,0,0,3,21
2024-04-05 09:00:00,DS003_CP_DEL,SKU003_Bread_500g,14,39.69,0,Cloudy,26.8,0,1,0,4,9
2024-04-05 18:00:00,DS003_CP_DEL,SKU003_Bread_500g,12,41.73,1,Cloudy,26.8,0,1,0,4,18
2024-04-05 21:00:00,DS003_CP_DEL,SKU003_Bread_500g,14,40.07,0,Cloudy,26.8,0,1,0,4,21
2024-04-06 09:00:00,DS003_CP_DEL,SKU003_Bread_500g,13,41.85,0,Clear,31.9,0,0,1,5,9
2024-04-06 18:00:00,DS003_CP_DEL,SKU003_Bread_500g,12,40.83,1,Clear,31.9,0,0,1,5,18
2024-04-06 21:00:00,DS003_CP_DEL,SKU003_Bread_500g,13,41.87,0,Clear,31.9,0,0,1,5,21
2024-04-07 09:00:00,DS003_CP_DEL,SKU003_Bread_500g,12,39.38,1,Rain,19.8,0,0,1,6,9
2024-04-07 18:00:00,DS003_CP_DEL,SKU003_Bread_500g,12,39.92,1,Rain,19.8,0,0,1,6,18
2024-04-07 21:00:00,DS003_CP_DEL,SKU003_Bread_500g,13,41.97,0,Rain,19.8,0,0,1,6,21
2024-04-08 09:00:00,DS003_CP_DEL,SKU003_Bread_500g,6,40.09,0,Clear,28.7,0,0,0,0,9
2024-04-08 18:00:00,DS003_CP_DEL,SKU003_Bread_500g,12,38.67,0,Clear,28.7,0,0,0,0,18
2024-04-08 21:00:00,DS003_CP_DEL,SKU003_Bread_500g,5,40.41,0,Clear,28.7,0,0,0,0,21
2024-04-09 09:00:00,DS003_CP_DEL,SKU003_Bread_500g,8,41.15,0,Clear,30.1,0,0,0,1,9
2024-04-09 18:00:00,DS003_CP_DEL,SKU003_Bread_500g,8,40.11,0,Clear,30.1,0,0,0,1,18
2024-04-09 21:00:00,DS003_CP_DEL,SKU003_Bread_500g,4,39.85,0,Clear,30.1,0,0,0,1,21
2024-04-10 09:00:00,DS003_CP_DEL,SKU003_Bread_500g,7,39.95,0,Clear,29.2,0,0,0,2,9
2024-04-10 18:00:00,DS003_CP_DEL,SKU003_Bread_500g,6,41.93,0,Clear,29.2,0,0,0,2,18
2024-04-10 21:00:00,DS003_CP_DEL,SKU003_Bread_500g,6,40.19,0,Clear,29.2,0,0,0,2,21
2024-04-11 09:00:00,DS003_CP_DEL,SKU003_Bread_500g,10,40.31,0,Cloudy,24.6,0,0,0,3,9
2024-04-11 18:00:00,DS003_CP_DEL,SKU003_Bread_500g,12,40.96,0,Cloudy,24.6,0,0,0,3,18
2024-04-11 21:00:00,DS003_CP_DEL,SKU003_Bread_500g,5,40.4,0,Cloudy,24.6,0,0,0,3,21
2024-04-12 09:00:00,DS003_CP_DEL,SKU003_Bread_500g,15,39.75,0,Clear,29.5,0,1,0,4,9
2024-04-12 18:00:00,DS003_CP_DEL,SKU003_Bread_500g,12,41.45,1,Clear,29.5,0,1,0,4,18
2024-04-12 21:00:00,DS003_CP_DEL,SKU003_Bread_500g,10,40.58,0,Clear,29.5,0,1,0,4,21
2024-04-13 09:00:00,DS003_CP_DEL,SKU003_Bread_500g,12,41.35,0,Cloudy,27.1,0,0,1,5,9
2024-04-13 18:00:00,DS003_CP_DEL,SKU003_Bread_500g,12,38.23,1,Cloudy,27.1,0,0,1,5,18
2024-04-13 21:00:00,DS003_CP_DEL,SKU003_Bread_500g,9,38.02,0,Cloudy,27.1,0,0,1,5,21
2024-04-14 09:00:00,DS003_CP_DEL,SKU003_Bread_500g,12,40.67,1,Clear,30.1,1,0,1,6,9
2024-04-14 18:00:00,DS003_CP_DEL,SKU003_Bread_500g,12,38.48,1,Clear,30.1,1,0,1,6,18
2024-04-14 21:00:00,DS003_CP_DEL,SKU003_Bread_500g,12,38.46,1,Clear,30.1,1,0,1,6,21
2024-04-15 09:00:00,DS003_CP_DEL,SKU003_Bread_500g,8,38.53,0,Cloudy,24.2,0,0,0,0,9
2024-04-15 18:00:00,DS003_CP_DEL,SKU003_Bread_500g,11,41.04,0,Cloudy,24.2,0,0,0,0,18
2024-04-15 21:00:00,DS003_CP_DEL,SKU003_Bread_500g,10,41.01,0,Cloudy,24.2,0,0,0,0,21
2024-04-16 09:00:00,DS003_CP_DEL,SKU003_Bread_500g,8,40.07,0,Cloudy,24.7,0,0,0,1,9
2024-04-16 18:00:00,DS003_CP_DEL,SKU003_Bread_500g,4,39.72,0,Cloudy,24.7,0,0,0,1,18
2024-04-16 21:00:00,DS003_CP_DEL,SKU003_Bread_500g,4,40.5,0,Cloudy,24.7,0,0,0,1,21
2024-04-17 09:00:00,DS003_CP_DEL,SKU003_Bread_500g,5,40.43,0,Clear,31.8,1,0,0,2,9
2024-04-17 18:00:00,DS003_CP_DEL,SKU003_Bread_500g,12,40.82,1,Clear,31.8,1,0,0,2,18
2024-04-17 21:00:00,DS003_CP_DEL,SKU003_Bread_500g,13,38.64,0,Clear,31.8,1,0,0,2,21
2024-04-18 09:00:00,DS003_CP_DEL,SKU003_Bread_500g,5,40.14,0,Extreme Heat,42.2,0,0,0,3,9
2024-04-18 18:00:00,DS003_CP_DEL,SKU003_Bread_500g,11,38.97,0,Extreme Heat,42.2,0,0,0,3,18
2024-04-18 21:00:00,DS003_CP_DEL,SKU003_Bread_500g,8,41.03,0,Extreme Heat,42.2,0,0,0,3,21
2024-04-19 09:00:00,DS003_CP_DEL,SKU003_Bread_500g,10,38.28,0,Clear,28.4,0,0,0,4,9
2024-04-19 18:00:00,DS003_CP_DEL,SKU003_Bread_500g,12,41.11,0,Clear,28.4,0,0,0,4,18
2024-04-19 21:00:00,DS003_CP_DEL,SKU003_Bread_500g,8,38.83,0,Clear,28.4,0,0,0,4,21
2024-04-20 09:00:00,DS003_CP_DEL,SKU003_Bread_500g,12,40.9,1,Cloudy,25.8,0,1,1,5,9
2024-04-20 18:00:00,DS003_CP_DEL,SKU003_Bread_500g,12,40.71,1,Cloudy,25.8,0,1,1,5,18
2024-04-20 21:00:00,DS003_CP_DEL,SKU003_Bread_500g,12,38.99,1,Cloudy,25.8,0,1,1,5,21
2024-04-21 09:00:00,DS003_CP_DEL,SKU003_Bread_500g,12,39.2,1,Clear,30.0,1,0,1,6,9
2024-04-21 18:00:00,DS003_CP_DEL,SKU003_Bread_500g,12,38.69,1,Clear,30.0,1,0,1,6,18
2024-04-21 21:00:00,DS003_CP_DEL,SKU003_Bread_500g,12,39.21,1,Clear,30.0,1,0,1,6,21
2024-04-22 09:00:00,DS003_CP_DEL,SKU003_Bread_500g,4,40.79,1,Clear,31.6,0,0,0,0,9
2024-04-22 18:00:00,DS003_CP_DEL,SKU003_Bread_500g,6,39.27,0,Clear,31.6,0,0,0,0,18
2024-04-22 21:00:00,DS003_CP_DEL,SKU003_Bread_500g,9,39.12,0,Clear,31.6,0,0,0,0,21
2024-04-23 09:00:00,DS003_CP_DEL,SKU003_Bread_500g,11,40.46,0,Clear,30.7,0,0,0,1,9
2024-04-23 18:00:00,DS003_CP_DEL,SKU003_Bread_500g,9,40.09,0,Clear,30.7,0,0,0,1,18
2024-04-23 21:00:00,DS003_CP_DEL,SKU003_Bread_500g,5,38.15,0,Clear,30.7,0,0,0,1,21
2024-04-24 09:00:00,DS003_CP_DEL,SKU003_Bread_500g,5,41.47,0,Clear,30.1,0,0,0,2,9
2024-04-24 18:00:00,DS003_CP_DEL,SKU003_Bread_500g,7,38.22,1,Clear,30.1,0,0,0,2,18
2024-04-24 21:00:00,DS003_CP_DEL,SKU003_Bread_500g,7,41.31,0,Clear,30.1,0,0,0,2,21
2024-04-25 09:00:00,DS003_CP_DEL,SKU003_Bread_500g,8,40.42,0,Cloudy,24.7,0,0,0,3,9
2024-04-25 18:00:00,DS003_CP_DEL,SKU003_Bread_500g,9,41.69,0,Cloudy,24.7,0,0,0,3,18
2024-04-25 21:00:00,DS003_CP_DEL,SKU003_Bread_500g,7,39.57,0,Cloudy,24.7,0,0,0,3,21
